-- phpMyAdmin SQL Dump
-- version 5.0.2
-- https://www.phpmyadmin.net/
--
-- Host: 127.0.0.1
-- Generation Time: Jul 13, 2020 at 05:38 PM
-- Server version: 10.4.11-MariaDB
-- PHP Version: 7.4.5

SET SQL_MODE = "NO_AUTO_VALUE_ON_ZERO";
START TRANSACTION;
SET time_zone = "+00:00";


/*!40101 SET @OLD_CHARACTER_SET_CLIENT=@@CHARACTER_SET_CLIENT */;
/*!40101 SET @OLD_CHARACTER_SET_RESULTS=@@CHARACTER_SET_RESULTS */;
/*!40101 SET @OLD_COLLATION_CONNECTION=@@COLLATION_CONNECTION */;
/*!40101 SET NAMES utf8mb4 */;

--
-- Database: `project`
--

-- --------------------------------------------------------

--
-- Table structure for table `category`
--

CREATE TABLE `category` (
  `category_id` int(11) NOT NULL,
  `category_name` varchar(50) DEFAULT NULL
) ENGINE=InnoDB DEFAULT CHARSET=utf8mb4;

--
-- Dumping data for table `category`
--

INSERT INTO `category` (`category_id`, `category_name`) VALUES
(1, 'Fresh Products'),
(2, 'Fridge Products'),
(3, 'Drink Products'),
(4, 'Personal Care Products'),
(5, 'Home Products'),
(6, 'Pet Products');

-- --------------------------------------------------------

--
-- Stand-in structure for view `category_sales`
-- (See below for the actual view)
--
CREATE TABLE `category_sales` (
`str_id` int(11)
,`catid` int(11)
,`sales` bigint(21)
);

-- --------------------------------------------------------

--
-- Table structure for table `contains`
--

CREATE TABLE `contains` (
  `p_id` int(11) NOT NULL,
  `d_time` timestamp NOT NULL DEFAULT current_timestamp() ON UPDATE current_timestamp(),
  `cust_id` int(11) NOT NULL,
  `pieces` int(11) DEFAULT NULL
) ENGINE=InnoDB DEFAULT CHARSET=utf8mb4;

--
-- Dumping data for table `contains`
--

INSERT INTO `contains` (`p_id`, `d_time`, `cust_id`, `pieces`) VALUES
(1, '2020-06-02 16:02:18', 20, 3),
(1, '2020-07-04 08:02:41', 42, 1),
(1, '2020-06-14 06:02:08', 57, 2),
(1, '2020-06-25 09:02:52', 58, 3),
(1, '2020-06-25 09:02:35', 66, 1),
(1, '2020-06-05 17:02:53', 86, 1),
(1, '2020-07-04 08:02:51', 87, 1),
(1, '2020-06-05 17:02:22', 100, 1),
(2, '2020-06-18 10:02:52', 4, 1),
(2, '2020-06-11 12:02:02', 14, 1),
(2, '2020-06-18 10:02:22', 15, 1),
(2, '2020-06-11 07:02:51', 17, 1),
(2, '2020-06-02 16:02:34', 22, 1),
(2, '2020-06-05 17:02:41', 23, 5),
(2, '2020-06-25 09:02:24', 32, 1),
(2, '2020-06-28 15:02:13', 37, 2),
(2, '2020-06-02 16:02:45', 42, 2),
(2, '2020-06-18 10:02:31', 43, 1),
(2, '2020-07-04 08:02:04', 74, 1),
(2, '2020-06-08 05:02:52', 77, 1),
(2, '2020-07-08 14:02:15', 98, 1),
(3, '2020-07-08 14:02:08', 10, 1),
(3, '2020-07-08 14:02:28', 14, 1),
(3, '2020-06-25 09:02:54', 26, 1),
(3, '2020-06-11 07:02:30', 36, 4),
(3, '2020-07-08 14:02:10', 38, 1),
(3, '2020-07-03 11:02:35', 45, 1),
(3, '2020-07-04 08:02:28', 47, 2),
(3, '2020-06-08 05:02:50', 65, 1),
(3, '2020-07-03 11:02:33', 73, 1),
(3, '2020-06-18 10:02:14', 74, 1),
(3, '2020-06-18 10:02:10', 77, 2),
(3, '2020-06-05 17:02:24', 92, 1),
(3, '2020-07-04 08:02:44', 96, 1),
(3, '2020-06-28 15:02:25', 99, 4),
(4, '2020-06-11 12:02:11', 5, 2),
(4, '2020-06-02 16:02:02', 8, 4),
(4, '2020-06-28 15:02:03', 8, 1),
(4, '2020-07-03 11:02:42', 11, 2),
(4, '2020-07-04 08:02:07', 19, 3),
(4, '2020-06-05 17:02:06', 29, 1),
(4, '2020-06-02 16:02:40', 30, 1),
(4, '2020-06-05 17:02:46', 32, 1),
(4, '2020-06-25 09:02:00', 33, 2),
(4, '2020-07-03 11:02:35', 45, 1),
(4, '2020-06-18 10:02:25', 51, 2),
(4, '2020-06-25 09:02:48', 53, 1),
(4, '2020-06-08 05:02:22', 73, 1),
(4, '2020-06-05 17:02:53', 86, 1),
(5, '2020-06-08 05:02:13', 2, 2),
(5, '2020-06-18 10:02:22', 15, 1),
(5, '2020-06-25 09:02:50', 31, 2),
(5, '2020-06-25 09:02:24', 32, 1),
(5, '2020-06-05 17:02:25', 35, 1),
(5, '2020-06-05 17:02:10', 42, 2),
(5, '2020-06-08 05:02:33', 48, 2),
(5, '2020-06-14 06:02:17', 59, 1),
(5, '2020-07-04 08:02:02', 85, 2),
(5, '2020-06-05 17:02:24', 92, 1),
(6, '2020-06-05 17:02:03', 20, 1),
(6, '2020-06-28 15:02:23', 36, 1),
(6, '2020-07-08 14:02:26', 38, 1),
(6, '2020-06-05 17:02:56', 41, 3),
(6, '2020-06-08 05:02:30', 44, 1),
(6, '2020-06-28 15:02:06', 50, 3),
(6, '2020-06-02 16:02:25', 79, 1),
(6, '2020-06-08 05:02:03', 100, 1),
(7, '2020-06-05 17:02:37', 7, 2),
(7, '2020-06-11 12:02:42', 12, 1),
(7, '2020-06-18 10:02:22', 15, 1),
(7, '2020-07-08 14:02:41', 15, 3),
(7, '2020-06-11 14:02:40', 16, 1),
(7, '2020-06-08 05:02:11', 20, 1),
(7, '2020-06-11 07:02:30', 36, 3),
(7, '2020-06-28 15:02:13', 37, 2),
(7, '2020-07-04 08:02:56', 63, 2),
(7, '2020-06-25 09:02:21', 65, 2),
(7, '2020-06-25 09:02:23', 80, 2),
(7, '2020-06-02 16:02:27', 89, 1),
(8, '2020-06-11 12:02:13', 2, 1),
(8, '2020-06-18 10:02:41', 5, 1),
(8, '2020-06-05 17:02:37', 7, 2),
(8, '2020-07-08 14:02:18', 25, 3),
(8, '2020-06-02 16:02:47', 26, 1),
(8, '2020-07-04 08:02:47', 26, 3),
(8, '2020-06-05 17:02:08', 31, 8),
(8, '2020-07-08 14:02:04', 34, 1),
(8, '2020-06-05 17:02:21', 47, 1),
(8, '2020-06-05 17:02:50', 51, 1),
(8, '2020-06-11 07:02:50', 58, 3),
(8, '2020-06-18 10:02:20', 60, 2),
(8, '2020-06-14 06:02:11', 65, 1),
(8, '2020-06-25 09:02:35', 66, 2),
(8, '2020-07-04 08:02:58', 72, 1),
(8, '2020-07-08 14:02:36', 72, 1),
(8, '2020-06-02 16:02:00', 78, 2),
(8, '2020-06-05 17:02:24', 92, 1),
(9, '2020-06-05 17:02:44', 24, 1),
(9, '2020-06-18 10:02:35', 25, 2),
(9, '2020-06-28 15:02:12', 29, 1),
(9, '2020-06-05 17:02:21', 47, 1),
(9, '2020-07-04 08:02:08', 73, 2),
(9, '2020-06-11 12:02:40', 78, 1),
(9, '2020-07-04 08:02:38', 89, 1),
(9, '2020-07-04 08:02:01', 91, 3),
(9, '2020-07-04 08:02:06', 97, 2),
(9, '2020-07-08 14:02:15', 98, 1),
(10, '2020-06-08 05:02:18', 12, 3),
(10, '2020-06-11 12:02:33', 18, 1),
(10, '2020-06-11 12:02:00', 21, 1),
(10, '2020-06-18 10:02:53', 23, 4),
(10, '2020-06-08 13:02:25', 27, 1),
(10, '2020-06-05 17:02:46', 32, 1),
(10, '2020-07-08 14:02:12', 35, 2),
(10, '2020-06-11 14:02:20', 38, 2),
(10, '2020-06-08 13:02:03', 49, 2),
(10, '2020-06-08 05:02:02', 53, 1),
(10, '2020-07-03 11:02:04', 55, 1),
(10, '2020-06-08 13:02:04', 63, 2),
(10, '2020-07-04 08:02:04', 74, 1),
(10, '2020-06-11 12:02:40', 78, 1),
(10, '2020-06-28 15:02:35', 90, 2),
(10, '2020-07-08 14:02:24', 90, 1),
(10, '2020-06-05 17:02:24', 92, 1),
(10, '2020-07-03 11:02:05', 96, 1),
(11, '2020-06-08 05:02:04', 6, 2),
(11, '2020-06-08 05:02:18', 12, 2),
(11, '2020-06-11 12:02:00', 21, 2),
(11, '2020-06-25 09:02:54', 26, 1),
(11, '2020-06-05 17:02:25', 35, 1),
(11, '2020-06-05 17:02:56', 41, 2),
(11, '2020-07-04 08:02:41', 42, 1),
(11, '2020-07-04 08:02:22', 48, 1),
(11, '2020-07-03 11:02:43', 52, 1),
(11, '2020-06-08 05:02:12', 56, 1),
(11, '2020-06-02 16:02:43', 64, 2),
(11, '2020-06-25 09:02:25', 68, 1),
(11, '2020-06-11 12:02:43', 81, 1),
(11, '2020-07-03 11:02:44', 89, 1),
(11, '2020-06-02 16:02:44', 94, 2),
(11, '2020-06-11 14:02:01', 95, 1),
(12, '2020-06-18 10:02:52', 4, 1),
(12, '2020-06-05 17:02:51', 14, 1),
(12, '2020-07-04 08:02:14', 16, 1),
(12, '2020-06-18 10:02:30', 41, 1),
(12, '2020-06-28 15:02:34', 44, 1),
(12, '2020-06-05 17:02:21', 47, 1),
(12, '2020-07-04 08:02:28', 47, 2),
(12, '2020-07-03 11:02:04', 55, 2),
(12, '2020-07-08 14:02:48', 55, 6),
(12, '2020-06-25 09:02:18', 56, 1),
(12, '2020-06-11 07:02:41', 64, 1),
(12, '2020-06-02 16:02:12', 69, 1),
(12, '2020-07-03 11:02:33', 73, 1),
(12, '2020-06-05 17:02:16', 81, 4),
(12, '2020-06-02 16:02:41', 86, 1),
(12, '2020-07-04 08:02:51', 87, 2),
(13, '2020-06-02 16:02:36', 9, 1),
(13, '2020-06-28 15:02:22', 17, 2),
(13, '2020-06-08 05:02:11', 20, 1),
(13, '2020-06-02 16:02:34', 22, 1),
(13, '2020-06-05 17:02:44', 24, 1),
(13, '2020-06-18 10:02:34', 31, 8),
(13, '2020-06-05 17:02:04', 34, 3),
(13, '2020-06-02 16:02:24', 48, 2),
(13, '2020-06-05 17:02:50', 51, 2),
(13, '2020-07-04 08:02:56', 63, 2),
(13, '2020-07-08 14:02:36', 72, 1),
(13, '2020-06-18 10:02:10', 77, 1),
(14, '2020-06-05 17:02:48', 1, 1),
(14, '2020-06-05 17:02:36', 10, 1),
(14, '2020-07-08 14:02:28', 14, 1),
(14, '2020-07-04 08:02:47', 26, 3),
(14, '2020-07-03 11:02:35', 45, 1),
(14, '2020-06-05 17:02:02', 47, 1),
(14, '2020-06-05 17:02:21', 47, 1),
(14, '2020-06-08 05:02:26', 81, 2),
(14, '2020-06-08 13:02:08', 84, 1),
(14, '2020-06-02 16:02:57', 92, 1),
(14, '2020-06-05 17:02:22', 100, 1),
(15, '2020-07-04 08:02:24', 2, 1),
(15, '2020-06-05 17:02:12', 16, 1),
(15, '2020-06-25 09:02:46', 16, 1),
(15, '2020-06-08 05:02:08', 21, 1),
(15, '2020-06-02 16:02:34', 22, 1),
(15, '2020-06-25 09:02:50', 31, 1),
(15, '2020-06-25 09:02:06', 61, 1),
(15, '2020-07-08 14:02:33', 63, 2),
(15, '2020-06-25 09:02:21', 65, 2),
(15, '2020-06-11 12:02:21', 76, 1),
(15, '2020-06-02 16:02:06', 82, 1),
(15, '2020-07-03 11:02:40', 92, 1),
(16, '2020-07-03 11:02:03', 13, 2),
(16, '2020-06-25 09:02:22', 61, 1),
(16, '2020-06-08 05:02:50', 65, 1),
(16, '2020-06-14 06:02:14', 69, 2),
(16, '2020-07-04 08:02:04', 74, 1),
(16, '2020-06-08 05:02:03', 100, 1),
(17, '2020-06-02 16:02:32', 9, 2),
(17, '2020-06-08 13:02:18', 9, 3),
(17, '2020-06-25 09:02:04', 9, 2),
(17, '2020-07-08 14:02:37', 10, 1),
(17, '2020-06-05 17:02:30', 31, 1),
(17, '2020-06-25 09:02:02', 38, 1),
(17, '2020-06-18 10:02:36', 43, 1),
(17, '2020-06-18 10:02:54', 46, 2),
(17, '2020-06-08 05:02:33', 48, 2),
(17, '2020-06-08 13:02:03', 49, 2),
(17, '2020-06-25 09:02:17', 57, 1),
(17, '2020-06-25 09:02:36', 72, 1),
(17, '2020-07-08 14:02:36', 72, 1),
(17, '2020-06-02 16:02:00', 78, 2),
(17, '2020-06-02 16:02:41', 86, 1),
(18, '2020-06-02 16:02:42', 13, 1),
(18, '2020-06-28 15:02:01', 18, 2),
(18, '2020-06-08 13:02:02', 33, 2),
(18, '2020-06-28 15:02:13', 37, 2),
(18, '2020-07-03 11:02:25', 39, 4),
(18, '2020-06-05 17:02:21', 47, 1),
(18, '2020-06-14 06:02:17', 59, 1),
(18, '2020-06-08 13:02:28', 60, 2),
(18, '2020-06-08 13:02:37', 61, 1),
(18, '2020-06-02 16:02:12', 69, 1),
(18, '2020-07-03 11:02:33', 73, 1),
(18, '2020-06-08 13:02:22', 88, 2),
(18, '2020-06-05 17:02:27', 90, 4),
(19, '2020-06-18 10:02:52', 4, 2),
(19, '2020-06-18 10:02:35', 25, 1),
(19, '2020-06-28 15:02:23', 36, 1),
(19, '2020-06-25 09:02:41', 53, 2),
(19, '2020-06-25 09:02:42', 60, 1),
(19, '2020-07-08 14:02:36', 72, 1),
(19, '2020-06-02 16:02:25', 79, 2),
(19, '2020-06-08 05:02:40', 80, 1),
(20, '2020-06-18 10:02:44', 6, 1),
(20, '2020-07-04 08:02:40', 7, 1),
(20, '2020-07-08 14:02:37', 10, 1),
(20, '2020-06-05 17:02:57', 11, 1),
(20, '2020-07-08 14:02:28', 14, 1),
(20, '2020-07-04 08:02:17', 24, 2),
(20, '2020-07-08 14:02:34', 24, 1),
(20, '2020-06-18 10:02:03', 28, 1),
(20, '2020-07-03 11:02:41', 30, 7),
(20, '2020-06-05 17:02:30', 31, 1),
(20, '2020-06-02 16:02:38', 40, 1),
(20, '2020-06-18 10:02:26', 49, 2),
(20, '2020-07-03 11:02:01', 63, 3),
(20, '2020-07-08 14:02:00', 70, 2),
(20, '2020-07-03 11:02:33', 73, 1),
(20, '2020-06-25 09:02:01', 76, 2),
(20, '2020-06-02 16:02:16', 100, 2),
(21, '2020-07-04 08:02:24', 2, 1),
(21, '2020-07-04 08:02:16', 3, 1),
(21, '2020-06-18 10:02:50', 5, 2),
(21, '2020-06-08 05:02:42', 15, 1),
(21, '2020-06-08 13:02:33', 18, 1),
(21, '2020-06-28 15:02:01', 18, 1),
(21, '2020-06-14 06:02:18', 20, 1),
(21, '2020-06-28 15:02:23', 36, 1),
(21, '2020-06-11 12:02:20', 41, 8),
(21, '2020-07-04 08:02:28', 47, 1),
(21, '2020-07-03 11:02:01', 63, 2),
(21, '2020-06-08 05:02:56', 67, 1),
(21, '2020-06-25 09:02:01', 76, 2),
(21, '2020-06-02 16:02:27', 89, 1),
(22, '2020-06-28 15:02:14', 19, 2),
(22, '2020-06-02 16:02:23', 23, 1),
(22, '2020-06-18 10:02:03', 28, 1),
(22, '2020-07-08 14:02:26', 38, 2),
(22, '2020-07-03 11:02:25', 39, 4),
(22, '2020-06-18 10:02:30', 41, 1),
(22, '2020-07-04 08:02:28', 47, 1),
(22, '2020-07-08 14:02:21', 60, 2),
(22, '2020-06-08 05:02:50', 65, 1),
(22, '2020-06-18 10:02:11', 73, 1),
(22, '2020-07-04 08:02:08', 73, 2),
(22, '2020-06-11 14:02:31', 79, 8),
(22, '2020-06-02 16:02:50', 84, 1),
(22, '2020-07-08 14:02:32', 85, 1),
(22, '2020-06-28 15:02:33', 87, 1),
(22, '2020-07-04 08:02:51', 87, 2),
(23, '2020-06-08 13:02:07', 1, 3),
(23, '2020-06-08 05:02:13', 2, 2),
(23, '2020-06-02 16:02:13', 8, 1),
(23, '2020-07-08 14:02:08', 10, 1),
(23, '2020-07-04 08:02:20', 40, 1),
(23, '2020-06-05 17:02:38', 57, 2),
(23, '2020-07-08 14:02:33', 63, 1),
(23, '2020-07-08 14:02:00', 70, 1),
(23, '2020-06-14 06:02:12', 77, 2),
(23, '2020-06-08 05:02:07', 80, 1),
(23, '2020-06-11 07:02:32', 80, 5),
(24, '2020-06-05 17:02:48', 1, 2),
(24, '2020-07-04 08:02:13', 10, 5),
(24, '2020-07-04 08:02:28', 47, 1),
(24, '2020-07-03 11:02:04', 55, 1),
(24, '2020-06-05 17:02:42', 56, 2),
(24, '2020-07-04 08:02:23', 75, 1),
(24, '2020-06-25 09:02:08', 82, 1),
(24, '2020-06-02 16:02:10', 89, 2),
(25, '2020-06-25 09:02:46', 16, 2),
(25, '2020-06-28 15:02:14', 19, 1),
(25, '2020-06-02 16:02:47', 26, 2),
(25, '2020-06-08 13:02:26', 34, 1),
(25, '2020-06-28 15:02:34', 44, 2),
(25, '2020-07-03 11:02:12', 44, 1),
(25, '2020-07-04 08:02:22', 48, 1),
(25, '2020-06-02 16:02:46', 54, 2),
(25, '2020-06-11 07:02:10', 55, 1),
(25, '2020-06-18 10:02:10', 77, 1),
(25, '2020-06-08 05:02:43', 83, 1),
(25, '2020-06-02 16:02:35', 88, 1),
(25, '2020-07-04 08:02:38', 89, 1),
(26, '2020-06-25 09:02:46', 16, 2),
(26, '2020-06-08 05:02:11', 20, 1),
(26, '2020-06-25 09:02:53', 29, 2),
(26, '2020-06-05 17:02:30', 31, 2),
(26, '2020-07-08 14:02:04', 34, 1),
(26, '2020-07-03 11:02:15', 35, 3),
(26, '2020-06-08 13:02:37', 61, 2),
(26, '2020-06-08 05:02:50', 65, 1),
(26, '2020-06-11 12:02:40', 78, 1),
(26, '2020-06-02 16:02:06', 82, 1),
(26, '2020-06-18 10:02:15', 85, 1),
(26, '2020-06-28 15:02:32', 93, 3),
(26, '2020-06-08 05:02:54', 95, 1),
(27, '2020-07-04 08:02:40', 7, 1),
(27, '2020-07-03 11:02:03', 13, 2),
(27, '2020-06-08 13:02:14', 27, 1),
(27, '2020-06-18 10:02:43', 29, 1),
(27, '2020-06-18 10:02:25', 51, 2),
(27, '2020-06-08 13:02:28', 60, 1),
(27, '2020-07-08 14:02:33', 63, 2),
(27, '2020-07-04 08:02:04', 74, 2),
(27, '2020-06-25 09:02:03', 98, 2),
(27, '2020-06-05 17:02:22', 100, 1),
(28, '2020-06-08 13:02:32', 3, 1),
(28, '2020-06-25 09:02:20', 33, 2),
(28, '2020-06-08 13:02:26', 34, 2),
(28, '2020-06-25 09:02:02', 38, 1),
(28, '2020-06-11 07:02:10', 55, 1),
(28, '2020-06-11 07:02:50', 58, 2),
(28, '2020-06-05 17:02:58', 59, 1),
(28, '2020-06-25 09:02:36', 72, 2),
(28, '2020-07-04 08:02:08', 73, 2),
(28, '2020-06-18 10:02:15', 85, 1),
(28, '2020-07-08 14:02:24', 90, 2),
(28, '2020-07-08 14:02:40', 93, 1),
(28, '2020-06-28 15:02:25', 99, 4),
(29, '2020-06-08 13:02:21', 7, 2),
(29, '2020-06-08 05:02:16', 12, 3),
(29, '2020-06-11 07:02:21', 14, 1),
(29, '2020-07-08 14:02:28', 14, 1),
(29, '2020-06-08 05:02:42', 15, 2),
(29, '2020-06-05 17:02:12', 16, 1),
(29, '2020-06-28 15:02:31', 17, 2),
(29, '2020-06-28 15:02:14', 19, 1),
(29, '2020-06-18 10:02:03', 28, 1),
(29, '2020-06-05 17:02:46', 32, 1),
(29, '2020-06-05 17:02:47', 39, 1),
(29, '2020-06-05 17:02:07', 47, 2),
(29, '2020-06-05 17:02:50', 51, 1),
(29, '2020-06-08 13:02:00', 55, 4),
(29, '2020-06-08 13:02:22', 88, 1),
(29, '2020-06-25 09:02:07', 88, 2),
(29, '2020-07-08 14:02:15', 98, 1),
(30, '2020-06-08 05:02:24', 3, 1),
(30, '2020-06-28 15:02:31', 17, 1),
(30, '2020-07-03 11:02:21', 28, 2),
(30, '2020-07-04 08:02:11', 41, 2),
(30, '2020-07-04 08:02:41', 42, 1),
(30, '2020-06-02 16:02:03', 52, 1),
(30, '2020-06-28 15:02:02', 75, 2),
(30, '2020-06-25 09:02:08', 82, 1),
(30, '2020-06-18 10:02:15', 85, 1),
(30, '2020-06-05 17:02:53', 86, 1),
(30, '2020-06-08 05:02:48', 97, 2),
(31, '2020-06-11 12:02:13', 2, 1),
(31, '2020-06-18 10:02:52', 4, 1),
(31, '2020-06-25 09:02:34', 6, 4),
(31, '2020-06-05 17:02:57', 11, 2),
(31, '2020-07-04 08:02:17', 24, 2),
(31, '2020-06-08 13:02:14', 27, 1),
(31, '2020-06-25 09:02:00', 33, 1),
(31, '2020-07-08 14:02:12', 35, 3),
(31, '2020-06-08 05:02:30', 44, 1),
(31, '2020-06-08 13:02:27', 62, 1),
(31, '2020-07-04 08:02:53', 64, 1),
(31, '2020-07-04 08:02:33', 82, 2),
(31, '2020-06-08 05:02:35', 91, 2),
(32, '2020-06-18 10:02:03', 28, 1),
(32, '2020-07-04 08:02:20', 40, 1),
(32, '2020-07-03 11:02:04', 55, 1),
(32, '2020-06-25 09:02:35', 66, 1),
(32, '2020-06-02 16:02:25', 79, 2),
(32, '2020-07-08 14:02:24', 90, 2),
(32, '2020-07-03 11:02:05', 96, 1),
(32, '2020-06-05 17:02:22', 100, 1),
(33, '2020-06-05 17:02:57', 11, 1),
(33, '2020-06-25 09:02:00', 33, 1),
(33, '2020-07-04 08:02:20', 40, 1),
(33, '2020-07-03 11:02:43', 52, 1),
(33, '2020-06-05 17:02:55', 54, 1),
(33, '2020-06-08 13:02:10', 54, 1),
(33, '2020-06-08 13:02:37', 61, 1),
(33, '2020-06-08 05:02:25', 62, 3),
(33, '2020-06-08 05:02:50', 65, 1),
(33, '2020-06-11 12:02:21', 76, 1),
(33, '2020-06-02 16:02:52', 78, 2),
(33, '2020-06-08 05:02:47', 78, 2),
(33, '2020-06-02 16:02:51', 88, 1),
(33, '2020-06-08 13:02:22', 88, 2),
(34, '2020-06-08 05:02:00', 5, 2),
(34, '2020-06-02 16:02:15', 6, 1),
(34, '2020-06-08 05:02:11', 20, 1),
(34, '2020-06-25 09:02:02', 38, 1),
(34, '2020-06-18 10:02:36', 43, 2),
(34, '2020-07-03 11:02:04', 55, 1),
(34, '2020-06-18 10:02:04', 62, 1),
(34, '2020-07-03 11:02:33', 73, 1),
(34, '2020-06-18 10:02:23', 83, 1),
(34, '2020-07-04 08:02:37', 92, 2),
(34, '2020-06-08 05:02:54', 95, 1),
(35, '2020-06-11 07:02:21', 14, 1),
(35, '2020-06-11 14:02:50', 27, 1),
(35, '2020-07-03 11:02:21', 28, 1),
(35, '2020-06-05 17:02:06', 29, 2),
(35, '2020-06-05 17:02:46', 32, 2),
(35, '2020-07-03 11:02:15', 35, 2),
(35, '2020-06-25 09:02:02', 38, 1),
(35, '2020-06-28 15:02:34', 44, 1),
(35, '2020-06-05 17:02:21', 47, 1),
(35, '2020-06-18 10:02:05', 58, 3),
(35, '2020-07-04 08:02:37', 92, 2),
(35, '2020-06-05 17:02:15', 94, 4),
(35, '2020-06-05 17:02:13', 97, 1),
(36, '2020-06-08 13:02:13', 2, 2),
(36, '2020-06-25 09:02:30', 12, 2),
(36, '2020-06-08 13:02:33', 18, 2),
(36, '2020-06-25 09:02:11', 22, 1),
(36, '2020-06-11 14:02:21', 24, 2),
(36, '2020-06-05 17:02:50', 51, 1),
(36, '2020-06-08 05:02:34', 54, 8),
(36, '2020-06-25 09:02:06', 61, 2),
(36, '2020-07-04 08:02:51', 87, 2),
(36, '2020-07-03 11:02:23', 100, 1),
(37, '2020-06-02 16:02:32', 9, 1),
(37, '2020-06-05 17:02:36', 10, 1),
(37, '2020-07-03 11:02:34', 11, 3),
(37, '2020-06-14 06:02:13', 13, 1),
(37, '2020-06-18 10:02:35', 25, 1),
(37, '2020-06-08 13:02:14', 27, 2),
(37, '2020-07-08 14:02:04', 34, 1),
(37, '2020-06-18 10:02:36', 43, 1),
(37, '2020-07-04 08:02:03', 46, 5),
(37, '2020-06-02 16:02:31', 49, 1),
(37, '2020-06-02 16:02:21', 59, 5),
(37, '2020-06-25 09:02:42', 60, 2),
(37, '2020-07-04 08:02:58', 72, 1),
(37, '2020-07-03 11:02:33', 73, 1),
(37, '2020-06-02 16:02:14', 75, 2),
(37, '2020-06-28 15:02:02', 75, 2),
(37, '2020-07-08 14:02:32', 85, 1),
(38, '2020-06-28 15:02:31', 17, 1),
(38, '2020-06-05 17:02:50', 51, 1),
(38, '2020-06-08 05:02:21', 52, 3),
(38, '2020-06-02 16:02:35', 88, 1),
(38, '2020-06-05 17:02:24', 92, 1),
(38, '2020-06-25 09:02:05', 94, 1),
(38, '2020-07-08 14:02:15', 98, 1),
(39, '2020-07-04 08:02:16', 3, 1),
(39, '2020-06-18 10:02:33', 7, 1),
(39, '2020-06-02 16:02:32', 9, 1),
(39, '2020-07-08 14:02:08', 10, 1),
(39, '2020-06-11 12:02:42', 12, 1),
(39, '2020-06-02 16:02:07', 19, 2),
(39, '2020-06-02 16:02:34', 22, 1),
(39, '2020-06-18 10:02:35', 25, 1),
(39, '2020-06-08 05:02:41', 26, 2),
(39, '2020-06-08 13:02:25', 27, 1),
(39, '2020-07-03 11:02:21', 28, 1),
(39, '2020-06-18 10:02:43', 29, 1),
(39, '2020-06-28 15:02:12', 29, 2),
(39, '2020-06-08 05:02:02', 53, 1),
(39, '2020-06-08 13:02:10', 54, 1),
(39, '2020-06-14 06:02:17', 59, 1),
(39, '2020-06-08 13:02:37', 61, 1),
(39, '2020-06-25 09:02:51', 66, 8),
(39, '2020-06-08 05:02:56', 67, 1),
(39, '2020-07-04 08:02:12', 75, 1),
(39, '2020-06-08 05:02:26', 81, 1),
(39, '2020-07-03 11:02:00', 96, 1),
(40, '2020-06-08 05:02:24', 3, 2),
(40, '2020-06-18 10:02:44', 6, 1),
(40, '2020-07-08 14:02:37', 10, 1),
(40, '2020-07-03 11:02:34', 11, 3),
(40, '2020-06-11 12:02:53', 13, 1),
(40, '2020-07-08 14:02:28', 14, 1),
(40, '2020-06-11 07:02:51', 17, 1),
(40, '2020-06-28 15:02:20', 45, 3),
(40, '2020-06-05 17:02:21', 47, 1),
(40, '2020-07-04 08:02:28', 47, 1),
(40, '2020-06-05 17:02:50', 51, 1),
(40, '2020-06-25 09:02:41', 53, 2),
(40, '2020-07-08 14:02:23', 56, 1),
(40, '2020-06-14 06:02:14', 69, 2),
(40, '2020-06-18 10:02:32', 74, 1),
(40, '2020-06-14 06:02:12', 77, 2),
(40, '2020-06-18 10:02:15', 85, 1),
(40, '2020-07-04 08:02:38', 89, 1),
(40, '2020-06-02 16:02:57', 92, 1),
(40, '2020-07-04 08:02:32', 95, 1),
(40, '2020-06-02 16:02:16', 100, 1),
(41, '2020-06-18 10:02:50', 5, 1),
(41, '2020-07-08 14:02:37', 10, 1),
(41, '2020-07-08 14:02:41', 15, 3),
(41, '2020-06-08 13:02:26', 34, 1),
(41, '2020-07-03 11:02:10', 39, 3),
(41, '2020-07-08 14:02:20', 40, 5),
(41, '2020-06-05 17:02:56', 41, 2),
(41, '2020-06-18 10:02:30', 41, 1),
(41, '2020-06-08 05:02:46', 44, 1),
(41, '2020-07-04 08:02:22', 48, 1),
(41, '2020-06-28 15:02:00', 51, 2),
(41, '2020-06-08 13:02:04', 63, 2),
(41, '2020-06-05 17:02:35', 67, 2),
(41, '2020-07-04 08:02:58', 72, 1),
(41, '2020-06-25 09:02:01', 76, 2),
(42, '2020-06-08 13:02:32', 3, 1),
(42, '2020-06-05 17:02:54', 4, 1),
(42, '2020-06-05 17:02:57', 11, 2),
(42, '2020-06-25 09:02:40', 15, 6),
(42, '2020-06-11 12:02:33', 18, 1),
(42, '2020-07-08 14:02:07', 43, 1),
(42, '2020-06-18 10:02:26', 49, 1),
(42, '2020-06-25 09:02:41', 53, 2),
(42, '2020-07-03 11:02:04', 55, 1),
(42, '2020-06-28 15:02:02', 75, 2),
(42, '2020-06-14 06:02:12', 77, 1),
(42, '2020-06-08 05:02:47', 78, 1),
(42, '2020-06-18 10:02:51', 79, 1),
(42, '2020-07-03 11:02:44', 89, 1),
(42, '2020-06-02 16:02:01', 95, 1),
(42, '2020-06-05 17:02:22', 100, 1),
(43, '2020-06-08 05:02:24', 3, 2),
(43, '2020-06-08 13:02:21', 7, 2),
(43, '2020-06-02 16:02:47', 26, 1),
(43, '2020-06-11 14:02:20', 38, 2),
(43, '2020-06-08 13:02:37', 61, 1),
(43, '2020-06-11 07:02:42', 61, 2),
(43, '2020-06-25 09:02:14', 65, 3),
(43, '2020-07-04 08:02:23', 75, 1),
(43, '2020-06-02 16:02:00', 78, 2),
(43, '2020-06-11 12:02:43', 81, 2),
(43, '2020-06-28 15:02:35', 90, 2),
(44, '2020-07-04 08:02:40', 7, 1),
(44, '2020-06-11 07:02:21', 14, 1),
(44, '2020-06-18 10:02:43', 29, 1),
(44, '2020-06-05 17:02:10', 42, 2),
(44, '2020-06-08 05:02:21', 52, 3),
(44, '2020-06-02 16:02:17', 58, 3),
(44, '2020-06-08 13:02:37', 61, 1),
(44, '2020-06-11 14:02:11', 68, 2),
(44, '2020-06-02 16:02:41', 86, 1),
(45, '2020-06-08 13:02:32', 3, 1),
(45, '2020-07-08 14:02:37', 10, 1),
(45, '2020-06-11 14:02:40', 16, 1),
(45, '2020-06-08 13:02:26', 34, 2),
(45, '2020-07-08 14:02:04', 34, 1),
(45, '2020-07-08 14:02:10', 38, 1),
(45, '2020-07-08 14:02:26', 38, 1),
(45, '2020-06-05 17:02:11', 40, 1),
(45, '2020-06-11 07:02:42', 61, 3),
(45, '2020-06-08 13:02:27', 62, 2),
(45, '2020-06-11 12:02:50', 69, 8),
(45, '2020-07-04 08:02:06', 97, 1),
(45, '2020-06-05 17:02:22', 100, 1),
(46, '2020-06-08 13:02:12', 1, 2),
(46, '2020-06-05 17:02:54', 4, 2),
(46, '2020-06-25 09:02:34', 6, 4),
(46, '2020-07-03 11:02:30', 19, 3),
(46, '2020-07-04 08:02:21', 23, 2),
(46, '2020-06-18 10:02:35', 25, 2),
(46, '2020-06-02 16:02:54', 28, 1),
(46, '2020-06-02 16:02:40', 30, 2),
(46, '2020-06-05 17:02:17', 36, 2),
(46, '2020-06-02 16:02:17', 58, 3),
(46, '2020-06-14 06:02:17', 59, 1),
(46, '2020-06-25 09:02:06', 61, 1),
(46, '2020-06-08 05:02:56', 67, 1),
(46, '2020-07-04 08:02:12', 75, 1),
(46, '2020-06-18 10:02:15', 85, 1),
(46, '2020-07-03 11:02:44', 89, 1),
(46, '2020-06-28 15:02:24', 93, 2),
(47, '2020-06-11 12:02:13', 2, 1),
(47, '2020-06-05 17:02:25', 35, 1),
(47, '2020-07-08 14:02:10', 38, 1),
(47, '2020-07-04 08:02:00', 50, 1),
(47, '2020-06-25 09:02:48', 53, 1),
(47, '2020-06-25 09:02:17', 57, 1),
(47, '2020-06-25 09:02:52', 58, 3),
(47, '2020-07-08 14:02:21', 60, 2),
(47, '2020-06-11 14:02:11', 68, 1),
(47, '2020-07-04 08:02:10', 70, 1),
(47, '2020-07-04 08:02:35', 74, 1),
(47, '2020-06-08 13:02:05', 83, 1),
(47, '2020-07-04 08:02:51', 87, 1),
(47, '2020-07-03 11:02:05', 96, 1),
(47, '2020-07-04 08:02:06', 97, 1),
(48, '2020-06-18 10:02:52', 4, 1),
(48, '2020-06-02 16:02:15', 6, 1),
(48, '2020-06-02 16:02:18', 20, 2),
(48, '2020-07-04 08:02:36', 34, 2),
(48, '2020-06-08 13:02:03', 49, 2),
(48, '2020-07-04 08:02:00', 50, 1),
(48, '2020-06-05 17:02:50', 51, 1),
(48, '2020-06-14 06:02:08', 57, 3),
(49, '2020-07-08 14:02:37', 10, 1),
(49, '2020-06-08 05:02:16', 12, 2),
(49, '2020-06-08 13:02:14', 27, 1),
(49, '2020-06-05 17:02:06', 29, 2),
(49, '2020-07-08 14:02:10', 38, 1),
(49, '2020-06-28 15:02:04', 42, 2),
(49, '2020-07-03 11:02:35', 45, 2),
(49, '2020-06-14 06:02:08', 57, 3),
(49, '2020-06-18 10:02:05', 58, 4),
(49, '2020-06-18 10:02:10', 77, 2),
(49, '2020-06-02 16:02:50', 84, 1),
(49, '2020-06-14 06:02:01', 93, 8),
(49, '2020-06-08 05:02:48', 97, 2),
(49, '2020-07-08 14:02:15', 98, 1),
(50, '2020-06-08 05:02:27', 1, 6),
(50, '2020-06-05 17:02:36', 10, 1),
(50, '2020-06-28 15:02:11', 11, 2),
(50, '2020-06-02 16:02:33', 33, 3),
(50, '2020-06-08 05:02:02', 53, 1),
(50, '2020-07-08 14:02:21', 60, 1),
(50, '2020-06-25 09:02:06', 61, 1),
(50, '2020-06-18 10:02:04', 62, 1),
(50, '2020-07-08 14:02:33', 63, 2),
(50, '2020-06-18 10:02:55', 69, 3),
(50, '2020-07-03 11:02:00', 96, 1),
(51, '2020-06-08 05:02:13', 2, 1),
(51, '2020-06-18 10:02:43', 29, 1),
(51, '2020-06-14 06:02:05', 46, 2),
(51, '2020-06-02 16:02:24', 48, 1),
(51, '2020-06-11 07:02:41', 64, 2),
(51, '2020-06-28 15:02:02', 75, 2),
(51, '2020-06-02 16:02:25', 79, 1),
(51, '2020-07-03 11:02:45', 84, 8),
(51, '2020-06-18 10:02:15', 85, 1),
(51, '2020-07-04 08:02:02', 85, 3),
(51, '2020-06-28 15:02:35', 90, 2),
(52, '2020-06-08 13:02:33', 18, 2),
(52, '2020-06-14 06:02:18', 20, 1),
(52, '2020-06-08 13:02:02', 33, 1),
(52, '2020-06-25 09:02:02', 38, 1),
(52, '2020-06-08 13:02:37', 61, 1),
(52, '2020-06-08 05:02:56', 67, 1),
(52, '2020-07-08 14:02:00', 70, 1),
(52, '2020-07-03 11:02:05', 96, 1),
(52, '2020-06-08 05:02:48', 97, 1),
(52, '2020-06-11 07:02:52', 99, 2),
(53, '2020-07-04 08:02:24', 2, 2),
(53, '2020-06-25 09:02:27', 8, 6),
(53, '2020-06-25 09:02:04', 9, 2),
(53, '2020-06-25 09:02:28', 22, 2),
(53, '2020-06-05 17:02:46', 32, 1),
(53, '2020-06-11 14:02:20', 38, 1),
(53, '2020-06-08 05:02:33', 48, 2),
(53, '2020-06-02 16:02:31', 49, 2),
(53, '2020-07-08 14:02:01', 66, 2),
(53, '2020-06-11 14:02:11', 68, 1),
(53, '2020-07-03 11:02:33', 73, 1),
(53, '2020-06-18 10:02:14', 74, 1),
(53, '2020-06-05 17:02:05', 94, 1),
(54, '2020-06-05 17:02:54', 4, 1),
(54, '2020-06-25 09:02:11', 22, 1),
(54, '2020-06-11 14:02:21', 24, 2),
(54, '2020-07-04 08:02:20', 40, 1),
(54, '2020-06-25 09:02:16', 66, 1),
(54, '2020-06-18 10:02:51', 79, 1),
(54, '2020-07-03 11:02:44', 89, 1),
(54, '2020-06-05 17:02:22', 100, 1),
(55, '2020-07-04 08:02:24', 2, 1),
(55, '2020-07-04 08:02:40', 7, 1),
(55, '2020-06-18 10:02:22', 15, 1),
(55, '2020-07-08 14:02:46', 17, 1),
(55, '2020-07-08 14:02:18', 25, 2),
(55, '2020-06-28 15:02:12', 29, 1),
(55, '2020-07-08 14:02:10', 38, 1),
(55, '2020-07-03 11:02:35', 45, 1),
(55, '2020-07-04 08:02:22', 48, 2),
(55, '2020-06-25 09:02:36', 72, 2),
(55, '2020-06-08 13:02:05', 83, 2),
(55, '2020-06-02 16:02:41', 86, 1),
(55, '2020-07-03 11:02:44', 89, 1),
(55, '2020-07-04 08:02:38', 89, 1),
(55, '2020-06-08 05:02:03', 100, 1),
(56, '2020-07-04 08:02:16', 3, 2),
(56, '2020-07-04 08:02:14', 16, 2),
(56, '2020-07-04 08:02:55', 25, 3),
(56, '2020-06-25 09:02:24', 32, 1),
(56, '2020-06-11 12:02:12', 36, 4),
(56, '2020-07-03 11:02:10', 39, 2),
(56, '2020-06-05 17:02:01', 50, 4),
(56, '2020-06-25 09:02:55', 52, 7),
(56, '2020-06-11 07:02:10', 55, 1),
(56, '2020-06-14 06:02:17', 59, 1),
(56, '2020-07-04 08:02:53', 64, 2),
(56, '2020-06-25 09:02:35', 66, 2),
(56, '2020-07-03 11:02:00', 96, 1),
(56, '2020-06-02 16:02:22', 97, 1),
(57, '2020-06-18 10:02:16', 4, 1),
(57, '2020-06-05 17:02:37', 7, 1),
(57, '2020-06-18 10:02:22', 15, 1),
(57, '2020-06-11 14:02:40', 16, 2),
(57, '2020-06-28 15:02:22', 17, 2),
(57, '2020-06-25 09:02:15', 22, 1),
(57, '2020-06-11 14:02:50', 27, 1),
(57, '2020-07-03 11:02:15', 35, 3),
(57, '2020-07-08 14:02:07', 43, 2),
(57, '2020-06-25 09:02:37', 45, 1),
(57, '2020-06-08 05:02:02', 53, 1),
(57, '2020-06-25 09:02:41', 53, 2),
(57, '2020-07-04 08:02:53', 64, 2),
(57, '2020-06-08 05:02:15', 71, 5),
(57, '2020-06-25 09:02:58', 90, 7),
(58, '2020-06-28 15:02:11', 11, 3),
(58, '2020-06-11 12:02:42', 12, 1),
(58, '2020-06-11 07:02:21', 14, 1),
(58, '2020-06-08 05:02:11', 20, 1),
(58, '2020-06-14 06:02:18', 20, 1),
(58, '2020-06-25 09:02:11', 22, 1),
(58, '2020-06-05 17:02:44', 24, 1),
(58, '2020-06-18 10:02:03', 28, 1),
(58, '2020-06-08 13:02:02', 33, 1),
(58, '2020-06-25 09:02:02', 38, 1),
(58, '2020-06-18 10:02:31', 43, 1),
(58, '2020-06-02 16:02:46', 54, 2),
(58, '2020-06-08 05:02:50', 65, 1),
(58, '2020-06-02 16:02:37', 71, 3),
(58, '2020-06-08 13:02:22', 88, 1),
(58, '2020-07-08 14:02:24', 90, 1),
(59, '2020-06-05 17:02:37', 7, 2),
(59, '2020-06-11 12:02:53', 13, 2),
(59, '2020-06-08 13:02:31', 21, 3),
(59, '2020-06-02 16:02:05', 27, 2),
(59, '2020-06-11 14:02:50', 27, 1),
(59, '2020-07-04 08:02:54', 37, 2),
(59, '2020-06-05 17:02:47', 39, 1),
(59, '2020-06-11 12:02:41', 79, 3),
(59, '2020-06-02 16:02:41', 86, 1),
(59, '2020-06-02 16:02:57', 92, 1),
(59, '2020-06-05 17:02:13', 97, 1),
(59, '2020-07-04 08:02:06', 97, 1),
(60, '2020-07-04 08:02:16', 3, 1),
(60, '2020-06-25 09:02:04', 9, 1),
(60, '2020-06-11 12:02:02', 14, 1),
(60, '2020-07-08 14:02:41', 15, 2),
(60, '2020-06-25 09:02:43', 82, 2),
(60, '2020-07-04 08:02:15', 85, 6),
(60, '2020-06-02 16:02:10', 89, 1),
(60, '2020-07-08 14:02:15', 98, 1),
(61, '2020-06-05 17:02:54', 4, 1),
(61, '2020-06-05 17:02:51', 14, 2),
(61, '2020-06-11 07:02:51', 17, 1),
(61, '2020-06-08 13:02:33', 18, 2),
(61, '2020-06-25 09:02:24', 32, 1),
(61, '2020-06-11 12:02:12', 36, 4),
(61, '2020-06-05 17:02:47', 39, 1),
(61, '2020-07-08 14:02:07', 43, 1),
(61, '2020-06-14 06:02:17', 59, 1),
(61, '2020-06-02 16:02:35', 88, 1),
(61, '2020-06-25 09:02:03', 98, 3),
(62, '2020-06-08 13:02:12', 1, 1),
(62, '2020-06-05 17:02:37', 7, 1),
(62, '2020-06-18 10:02:22', 15, 1),
(62, '2020-06-28 15:02:14', 19, 1),
(62, '2020-07-04 08:02:36', 34, 1),
(62, '2020-06-05 17:02:47', 39, 1),
(62, '2020-07-03 11:02:11', 53, 2),
(62, '2020-06-08 13:02:17', 62, 1),
(62, '2020-06-11 12:02:40', 78, 1),
(62, '2020-06-02 16:02:41', 86, 1),
(62, '2020-07-08 14:02:47', 87, 2),
(62, '2020-06-11 12:02:22', 98, 1),
(62, '2020-06-08 05:02:03', 100, 1),
(63, '2020-06-28 15:02:01', 18, 2),
(63, '2020-06-28 15:02:14', 19, 1),
(63, '2020-06-18 10:02:43', 29, 1),
(63, '2020-06-05 17:02:25', 35, 1),
(63, '2020-06-08 05:02:37', 39, 1),
(63, '2020-06-11 14:02:51', 45, 2),
(63, '2020-06-08 05:02:06', 50, 8),
(63, '2020-07-04 08:02:00', 50, 1),
(63, '2020-06-28 15:02:00', 51, 3),
(63, '2020-07-03 11:02:04', 55, 1),
(63, '2020-06-18 10:02:14', 74, 1),
(63, '2020-07-04 08:02:12', 75, 2),
(63, '2020-07-08 14:02:15', 98, 1),
(64, '2020-06-18 10:02:44', 6, 1),
(64, '2020-07-04 08:02:31', 25, 7),
(64, '2020-06-18 10:02:43', 29, 2),
(64, '2020-07-03 11:02:10', 39, 3),
(64, '2020-07-03 11:02:43', 52, 1),
(64, '2020-06-08 13:02:35', 67, 2),
(64, '2020-07-03 11:02:33', 73, 1),
(64, '2020-06-25 09:02:01', 76, 1),
(64, '2020-06-08 05:02:40', 80, 2),
(64, '2020-07-03 11:02:00', 96, 1),
(65, '2020-06-08 05:02:18', 12, 3),
(65, '2020-06-08 05:02:30', 44, 1),
(65, '2020-06-14 06:02:17', 59, 1),
(65, '2020-06-02 16:02:44', 94, 2),
(65, '2020-07-04 08:02:32', 95, 1),
(65, '2020-06-11 07:02:22', 98, 2),
(66, '2020-06-08 05:02:11', 20, 1),
(66, '2020-06-08 05:02:41', 26, 1),
(66, '2020-06-14 06:02:10', 49, 2),
(66, '2020-06-18 10:02:26', 49, 1),
(66, '2020-06-28 15:02:06', 50, 2),
(66, '2020-06-25 09:02:23', 80, 2),
(66, '2020-06-08 13:02:20', 81, 4),
(66, '2020-06-02 16:02:41', 86, 1),
(66, '2020-06-11 07:02:52', 99, 2),
(67, '2020-06-18 10:02:40', 3, 1),
(67, '2020-06-05 17:02:36', 10, 2),
(67, '2020-06-28 15:02:31', 17, 2),
(67, '2020-07-04 08:02:54', 37, 2),
(67, '2020-06-05 17:02:47', 39, 1),
(67, '2020-06-08 05:02:30', 44, 1),
(67, '2020-06-11 14:02:51', 45, 2),
(67, '2020-06-05 17:02:21', 47, 1),
(67, '2020-06-08 05:02:50', 65, 1),
(67, '2020-07-04 08:02:58', 72, 1),
(67, '2020-06-14 06:02:12', 77, 1),
(67, '2020-06-08 05:02:26', 81, 1),
(67, '2020-07-08 14:02:38', 99, 3),
(68, '2020-06-11 12:02:13', 2, 2),
(68, '2020-07-04 08:02:24', 2, 2),
(68, '2020-06-02 16:02:32', 9, 2),
(68, '2020-06-14 06:02:18', 20, 1),
(68, '2020-06-08 13:02:25', 27, 1),
(68, '2020-06-11 14:02:20', 38, 2),
(68, '2020-06-08 05:02:05', 67, 1),
(68, '2020-06-11 14:02:00', 70, 2),
(68, '2020-07-04 08:02:57', 72, 3),
(68, '2020-06-08 13:02:15', 86, 8),
(68, '2020-06-18 10:02:00', 96, 1),
(69, '2020-06-08 05:02:42', 15, 2),
(69, '2020-06-02 16:02:07', 19, 1),
(69, '2020-06-14 06:02:18', 20, 1),
(69, '2020-06-18 10:02:24', 32, 1),
(69, '2020-06-02 16:02:04', 46, 5),
(69, '2020-07-03 11:02:11', 53, 3),
(69, '2020-06-02 16:02:14', 75, 2),
(69, '2020-06-08 05:02:47', 78, 2),
(69, '2020-07-03 11:02:13', 83, 4),
(69, '2020-07-03 11:02:00', 96, 1),
(70, '2020-06-25 09:02:46', 16, 2),
(70, '2020-06-05 17:02:44', 24, 1),
(70, '2020-06-08 13:02:02', 33, 2),
(70, '2020-06-08 13:02:27', 62, 2),
(70, '2020-06-05 17:02:40', 64, 2),
(70, '2020-07-04 08:02:25', 71, 1),
(70, '2020-06-11 12:02:41', 79, 2),
(70, '2020-06-05 17:02:24', 92, 1),
(70, '2020-06-28 15:02:24', 93, 1),
(70, '2020-07-04 08:02:06', 97, 1),
(71, '2020-06-18 10:02:03', 28, 1),
(71, '2020-06-25 09:02:53', 29, 2),
(71, '2020-07-08 14:02:04', 34, 1),
(71, '2020-07-08 14:02:10', 38, 1),
(71, '2020-06-02 16:02:45', 42, 2),
(71, '2020-06-08 05:02:56', 67, 2),
(71, '2020-06-18 10:02:14', 74, 1),
(71, '2020-06-25 09:02:01', 76, 1),
(71, '2020-07-04 08:02:32', 95, 2),
(72, '2020-06-25 09:02:15', 22, 1),
(72, '2020-06-05 17:02:17', 36, 2),
(72, '2020-06-05 17:02:10', 42, 2),
(72, '2020-06-28 15:02:21', 43, 1),
(72, '2020-06-28 15:02:34', 44, 1),
(72, '2020-06-08 13:02:03', 49, 2),
(72, '2020-07-08 14:02:21', 60, 1),
(72, '2020-06-25 09:02:35', 66, 1),
(72, '2020-06-08 13:02:35', 67, 1),
(72, '2020-06-25 09:02:56', 71, 3),
(72, '2020-07-04 08:02:04', 74, 1),
(72, '2020-07-04 08:02:12', 75, 1),
(72, '2020-06-02 16:02:25', 79, 1),
(73, '2020-06-28 15:02:01', 18, 1),
(73, '2020-07-04 08:02:21', 23, 2),
(73, '2020-07-04 08:02:17', 24, 1),
(73, '2020-06-02 16:02:47', 26, 1),
(73, '2020-06-25 09:02:54', 26, 2),
(73, '2020-06-05 17:02:20', 51, 1),
(73, '2020-06-08 05:02:02', 53, 1),
(73, '2020-06-11 07:02:50', 58, 3),
(73, '2020-06-14 06:02:17', 59, 1),
(73, '2020-07-04 08:02:56', 63, 1),
(73, '2020-06-25 09:02:43', 82, 2),
(73, '2020-06-02 16:02:58', 86, 1),
(74, '2020-06-18 10:02:52', 4, 2),
(74, '2020-06-05 17:02:57', 11, 1),
(74, '2020-07-08 14:02:28', 14, 2),
(74, '2020-06-18 10:02:43', 29, 1),
(74, '2020-07-04 08:02:41', 42, 1),
(74, '2020-06-05 17:02:02', 47, 2),
(74, '2020-07-08 14:02:21', 60, 2),
(74, '2020-06-08 05:02:40', 80, 1),
(74, '2020-07-04 08:02:33', 82, 2),
(74, '2020-07-08 14:02:24', 90, 2),
(74, '2020-06-05 17:02:24', 92, 1),
(75, '2020-06-11 12:02:11', 5, 3),
(75, '2020-06-08 05:02:10', 32, 2),
(75, '2020-06-25 09:02:20', 33, 2),
(75, '2020-06-08 05:02:57', 70, 2),
(75, '2020-07-08 14:02:03', 91, 4),
(76, '2020-06-08 13:02:21', 7, 2),
(76, '2020-06-25 09:02:46', 16, 1),
(76, '2020-06-02 16:02:45', 42, 2),
(76, '2020-06-28 15:02:34', 44, 1),
(76, '2020-06-11 07:02:40', 48, 3),
(76, '2020-06-08 05:02:02', 53, 1),
(76, '2020-06-11 14:02:11', 68, 1),
(76, '2020-07-04 08:02:12', 75, 2),
(76, '2020-06-11 07:02:20', 77, 2),
(77, '2020-06-11 12:02:13', 2, 1),
(77, '2020-06-28 15:02:11', 11, 2),
(77, '2020-06-11 12:02:42', 12, 1),
(77, '2020-06-25 09:02:26', 21, 3),
(77, '2020-06-05 17:02:25', 35, 1),
(77, '2020-07-08 14:02:26', 38, 1),
(77, '2020-06-18 10:02:36', 43, 1),
(77, '2020-06-18 10:02:46', 59, 4),
(77, '2020-06-18 10:02:20', 60, 2),
(77, '2020-06-18 10:02:04', 62, 2),
(77, '2020-06-02 16:02:25', 79, 1),
(77, '2020-06-11 07:02:22', 98, 2),
(77, '2020-07-08 14:02:38', 99, 2),
(78, '2020-07-04 08:02:50', 18, 6),
(78, '2020-06-08 13:02:25', 27, 2),
(78, '2020-07-08 14:02:07', 43, 1),
(78, '2020-06-28 15:02:06', 50, 2),
(78, '2020-06-02 16:02:08', 57, 1),
(78, '2020-06-25 09:02:06', 61, 1),
(78, '2020-06-05 17:02:40', 64, 2),
(78, '2020-06-08 05:02:56', 67, 1),
(78, '2020-07-04 08:02:10', 70, 1),
(78, '2020-07-04 08:02:04', 74, 1),
(78, '2020-06-11 07:02:01', 84, 1),
(78, '2020-07-03 11:02:00', 96, 1),
(78, '2020-06-02 16:02:16', 100, 1),
(79, '2020-07-04 08:02:40', 7, 1),
(79, '2020-06-28 15:02:14', 19, 1),
(79, '2020-07-03 11:02:21', 28, 1),
(79, '2020-07-04 08:02:30', 30, 1),
(79, '2020-06-18 10:02:30', 41, 2),
(79, '2020-07-08 14:02:07', 43, 1),
(79, '2020-06-08 13:02:00', 55, 3),
(79, '2020-07-03 11:02:02', 68, 6),
(79, '2020-07-04 08:02:58', 72, 1),
(79, '2020-06-08 05:02:52', 77, 1),
(79, '2020-06-02 16:02:53', 91, 1),
(79, '2020-07-08 14:02:03', 91, 4),
(79, '2020-07-03 11:02:05', 96, 1),
(79, '2020-06-05 17:02:22', 100, 1),
(80, '2020-06-18 10:02:33', 7, 2),
(80, '2020-06-25 09:02:02', 38, 1),
(80, '2020-06-05 17:02:47', 39, 1),
(80, '2020-06-11 12:02:40', 78, 1),
(80, '2020-06-05 17:02:53', 86, 1),
(80, '2020-06-08 13:02:38', 99, 7),
(81, '2020-06-08 13:02:07', 1, 3),
(81, '2020-06-02 16:02:28', 37, 1),
(81, '2020-06-05 17:02:47', 39, 1),
(81, '2020-06-18 10:02:36', 43, 1),
(81, '2020-06-18 10:02:25', 51, 1),
(81, '2020-06-08 05:02:50', 65, 1),
(81, '2020-06-08 05:02:22', 73, 1),
(81, '2020-06-08 05:02:52', 77, 1),
(81, '2020-07-04 08:02:32', 95, 2),
(81, '2020-06-02 16:02:16', 100, 2),
(82, '2020-06-08 05:02:04', 6, 2),
(82, '2020-06-25 09:02:28', 22, 2),
(82, '2020-07-04 08:02:21', 23, 2),
(82, '2020-06-25 09:02:20', 33, 3),
(82, '2020-06-05 17:02:25', 35, 1),
(82, '2020-06-05 17:02:17', 36, 2),
(82, '2020-07-04 08:02:43', 37, 1),
(82, '2020-06-02 16:02:24', 48, 2),
(82, '2020-07-04 08:02:00', 50, 2),
(82, '2020-06-08 05:02:02', 53, 1),
(82, '2020-06-05 17:02:42', 56, 1),
(82, '2020-06-02 16:02:08', 57, 1),
(82, '2020-06-08 13:02:04', 63, 1),
(82, '2020-06-08 05:02:56', 67, 1),
(82, '2020-06-25 09:02:43', 82, 2),
(82, '2020-06-25 09:02:32', 87, 6),
(82, '2020-06-02 16:02:27', 89, 1),
(82, '2020-06-11 07:02:22', 98, 3),
(83, '2020-06-08 05:02:24', 3, 1),
(83, '2020-06-18 10:02:50', 5, 1),
(83, '2020-06-18 10:02:33', 7, 1),
(83, '2020-07-04 08:02:40', 7, 1),
(83, '2020-07-03 11:02:42', 11, 2),
(83, '2020-07-08 14:02:28', 14, 1),
(83, '2020-06-28 15:02:31', 17, 2),
(83, '2020-07-08 14:02:04', 34, 2),
(83, '2020-07-04 08:02:20', 40, 1),
(83, '2020-06-18 10:02:31', 43, 1),
(83, '2020-06-25 09:02:21', 65, 2),
(83, '2020-06-08 13:02:06', 68, 1),
(84, '2020-06-05 17:02:12', 16, 1),
(84, '2020-06-02 16:02:40', 30, 2),
(84, '2020-06-05 17:02:25', 35, 1),
(84, '2020-06-28 15:02:13', 37, 1),
(84, '2020-06-08 05:02:46', 44, 1),
(84, '2020-06-18 10:02:54', 46, 2),
(84, '2020-07-03 11:02:01', 63, 3),
(85, '2020-06-11 12:02:13', 2, 2),
(85, '2020-06-08 13:02:33', 18, 1),
(85, '2020-07-03 11:02:21', 28, 1),
(85, '2020-06-28 15:02:16', 30, 2),
(85, '2020-06-02 16:02:56', 35, 1),
(85, '2020-06-05 17:02:02', 47, 1),
(85, '2020-06-08 05:02:22', 73, 1),
(85, '2020-06-11 12:02:51', 76, 1),
(86, '2020-06-08 13:02:07', 1, 2),
(86, '2020-06-11 07:02:51', 17, 1),
(86, '2020-07-04 08:02:21', 23, 2),
(86, '2020-07-04 08:02:41', 42, 1),
(86, '2020-07-08 14:02:07', 43, 2),
(86, '2020-07-08 14:02:23', 56, 1),
(86, '2020-06-02 16:02:08', 57, 2),
(86, '2020-06-18 10:02:55', 69, 3),
(86, '2020-06-25 09:02:36', 72, 2),
(86, '2020-06-18 10:02:56', 76, 1),
(86, '2020-06-08 05:02:07', 80, 2),
(86, '2020-06-28 15:02:32', 93, 3),
(86, '2020-07-04 08:02:32', 95, 2),
(87, '2020-06-25 09:02:15', 22, 1),
(87, '2020-06-02 16:02:28', 37, 1),
(87, '2020-06-08 05:02:46', 44, 1),
(87, '2020-06-25 09:02:37', 45, 1),
(87, '2020-06-08 13:02:10', 54, 1),
(87, '2020-06-02 16:02:37', 71, 3),
(87, '2020-07-03 11:02:05', 96, 1),
(88, '2020-06-05 17:02:54', 4, 1),
(88, '2020-06-08 05:02:20', 4, 4),
(88, '2020-06-08 05:02:04', 6, 3),
(88, '2020-06-08 05:02:42', 15, 2),
(88, '2020-06-08 13:02:34', 28, 1),
(88, '2020-06-18 10:02:03', 28, 1),
(88, '2020-07-03 11:02:21', 28, 1),
(88, '2020-06-25 09:02:02', 38, 1),
(88, '2020-06-05 17:02:47', 39, 1),
(88, '2020-06-18 10:02:36', 43, 1),
(88, '2020-06-08 13:02:35', 67, 2),
(88, '2020-06-18 10:02:32', 74, 1),
(88, '2020-06-11 12:02:51', 76, 1),
(88, '2020-06-11 12:02:41', 79, 2),
(88, '2020-07-08 14:02:15', 98, 1),
(88, '2020-06-08 05:02:03', 100, 2),
(89, '2020-06-11 14:02:40', 16, 1),
(89, '2020-06-08 05:02:33', 48, 1),
(89, '2020-06-05 17:02:20', 51, 1),
(89, '2020-07-03 11:02:11', 53, 2),
(89, '2020-06-11 14:02:11', 68, 1),
(89, '2020-07-08 14:02:36', 72, 1),
(89, '2020-06-18 10:02:14', 74, 1),
(89, '2020-07-04 08:02:23', 75, 1),
(89, '2020-07-04 08:02:02', 85, 2),
(89, '2020-07-03 11:02:00', 96, 1);

-- --------------------------------------------------------

--
-- Table structure for table `customer`
--

CREATE TABLE `customer` (
  `card_id` int(11) NOT NULL,
  `full_name` varchar(80) NOT NULL,
  `birth_date` text NOT NULL,
  `age` int(4) NOT NULL,
  `family_status` varchar(255) NOT NULL,
  `pet` varchar(50) NOT NULL,
  `gender` varchar(255) NOT NULL,
  `email` varchar(100) NOT NULL,
  `card_points` varchar(30) DEFAULT NULL,
  `address` varchar(100) NOT NULL,
  `city` varchar(25) NOT NULL,
  `postal_code` int(10) NOT NULL,
  `phone` varchar(15) NOT NULL
) ENGINE=InnoDB DEFAULT CHARSET=utf8mb4;

--
-- Dumping data for table `customer`
--

INSERT INTO `customer` (`card_id`, `full_name`, `birth_date`, `age`, `family_status`, `pet`, `gender`, `email`, `card_points`, `address`, `city`, `postal_code`, `phone`) VALUES
(1, 'Koustw Kousters', '1923-04-16', 97, 'Not Married', 'monkey', 'female', 'cristy@gmail.com', NULL, 'Panepistimiou 66 ', 'Patra', 65537, '2100535342'),
(2, 'Alex Pirzas', '1992-10-25', 28, 'Not Married', 'monkey', 'female', 'costo@gmail.com', NULL, 'Alevizou 66 ', 'Athens', 95094, '2102193873'),
(3, 'Alex Pirzas', '1999-12-24', 21, 'Single', 'bird', 'female', 'cristy@gmail.com', NULL, 'Aristofanous 86 ', 'Ioannina', 21922, '2108906527'),
(4, 'Alex Pirzas', '1900-03-21', 120, 'Married without kids', 'bird', 'female', 'costo@gmail.com', NULL, 'Ethnarxou 59 ', 'Komotini', 56897, '2104330457'),
(5, 'Bol Garfals', '1992-02-26', 28, 'Married with kids', 'cat', 'binary', 'costo@gmail.com', NULL, 'Volivias 65 ', 'Trikala', 88642, '2103218189'),
(6, 'Ladius Mavraeidis', '2002-10-08', 18, 'Not Married', 'dinosaur', 'non-binary', 'costo@gmail.com', NULL, 'Alevizou 4 ', 'Volos', 96812, '2101989860'),
(7, 'Rob Bosbol', '1900-07-27', 120, 'Single', 'dragon', 'binary', 'cristy@gmail.com', NULL, 'Ethnarxou 6 ', 'Trikala', 84899, '2108903019'),
(8, 'Bol Nesbol', '2000-11-28', 20, 'Single', 'dinosaur', 'male', 'cristy@gmail.com', NULL, 'Megalexandou 56 ', 'Volos', 29949, '2102517848'),
(9, 'Pipis Bob', '1821-03-09', 199, 'Married without kids', 'cat', 'LGBTQ+', 'costo@gmail.com', NULL, 'Volivias 29 ', 'Komotini', 21609, '2102299494'),
(10, 'Raf Kousters', '1956-12-14', 64, 'Married with kids', 'monkey', 'male', 'costo@gmail.com', NULL, 'Volivias 75 ', 'Volos', 95246, '2109754570'),
(11, 'Ayyy Lmao', '1821-05-02', 199, 'Not Married', 'cat', 'LGBTQ+', 'cristy@gmail.com', NULL, 'Panepistimiou 55 ', 'Volos', 24531, '2107841770'),
(12, 'Jonas Kannwald', '2000-12-11', 20, 'Married without kids', 'dragon', 'female', 'costo@gmail.com', NULL, 'Panepistimiou 68 ', 'Athens', 98175, '2105444136'),
(13, 'Kroto Tsarpanika', '1821-09-25', 199, 'Married without kids', 'monkey', 'male', 'ladius@gmail.com', NULL, 'Aristotelous 24 ', 'Trikala', 66469, '2105833710'),
(14, 'Dro Lias', '1998-02-01', 22, 'Not Married', 'monkey', 'non-binary', 'ladius@gmail.com', NULL, 'Panepistimiou 13 ', 'Trikala', 66415, '2104071091'),
(15, 'Ayyy Lmao', '1997-04-21', 23, 'Married without kids', 'monkey', 'LGBTQ+', 'ladius@gmail.com', NULL, 'Megalexandou 45 ', 'Trikala', 46226, '2100538491'),
(16, 'Raf Kousters', '1956-06-29', 64, 'Single', 'dog', 'LGBTQ+', 'costo@gmail.com', NULL, 'Aristotelous 33 ', 'Thessaloniki', 49850, '2105703225'),
(17, 'Pipis Bob', '2001-10-28', 19, 'Single', 'monkey', 'LGBTQ+', 'costo@gmail.com', NULL, 'Syggrou 56 ', 'Thessaloniki', 71594, '2101323076'),
(18, 'Pipis Bob', '1997-04-08', 23, 'Married with kids', 'dog', 'male', 'ladius@gmail.com', NULL, 'Alevizou 30 ', 'Ioannina', 34452, '2105182699'),
(19, 'Costo Costopoulos', '2001-07-07', 19, 'Single', 'dragon', 'non-binary', 'costo@gmail.com', NULL, 'Aristotelous 84 ', 'Ioannina', 34302, '2100022828'),
(20, 'Costo Costopoulos', '2001-08-05', 19, 'Not Married', 'cat', 'female', 'cristy@gmail.com', NULL, 'Aristofanous 88 ', 'Trikala', 45673, '2104120452'),
(21, 'Kroto Tsarpanika', '2002-12-14', 18, 'Single', 'dinosaur', 'male', 'ladius@gmail.com', NULL, 'Ionos 47 ', 'Ioannina', 28165, '2105625952'),
(22, 'Dro Lias', '1900-07-09', 120, 'Married with kids', 'dragon', 'LGBTQ+', 'ladius@gmail.com', NULL, 'Megalexandou 49 ', 'Volos', 11577, '2101377684'),
(23, 'Kroto Tsarpanika', '1821-06-14', 199, 'Married without kids', 'dragon', 'binary', 'ladius@gmail.com', NULL, 'Panepistimiou 8 ', 'Patra', 46295, '2105975808'),
(24, 'Dro Lias', '1956-09-15', 64, 'Married without kids', 'cat', 'female', 'cristy@gmail.com', NULL, 'Syggrou 21 ', 'Kalamata', 28707, '2100638251'),
(25, 'Kroto Tsarpanika', '1923-07-23', 97, 'Single', 'dog', 'female', 'cristy@gmail.com', NULL, 'Aristofanous 98 ', 'Trikala', 19390, '2101721077'),
(26, 'Antigonos Gonatas', '2002-11-11', 18, 'Married without kids', 'bird', 'binary', 'cristy@gmail.com', NULL, 'Alevizou 69 ', 'Komotini', 78819, '2104316004'),
(27, 'Koustw Kousters', '1956-04-30', 64, 'Married with kids', 'monkey', 'LGBTQ+', 'cristy@gmail.com', NULL, 'Alevizou 43 ', 'Komotini', 43931, '2107378936'),
(28, 'Antigonos Gonatas', '2001-10-26', 19, 'Married with kids', 'dinosaur', 'non-binary', 'cristy@gmail.com', NULL, 'Megalexandou 62 ', 'Patra', 71797, '2105513471'),
(29, 'Bol Nesbol', '1992-10-07', 28, 'Married with kids', 'monkey', 'female', 'costo@gmail.com', NULL, 'Panepistimiou 63 ', 'Trikala', 50627, '2105615757'),
(30, 'Costo Costopoulos', '1923-03-09', 97, 'Not Married', 'cat', 'non-binary', 'costo@gmail.com', NULL, 'Syggrou 36 ', 'Thessaloniki', 28866, '2105412962'),
(31, 'Ayyy Lmao', '1992-08-05', 28, 'Single', 'dog', 'female', 'costo@gmail.com', NULL, 'Panepistimiou 93 ', 'Komotini', 79736, '2106812558'),
(32, 'Kristy Tsakanika', '1917-09-25', 103, 'Married with kids', 'dragon', 'female', 'ladius@gmail.com', NULL, 'Megalexandou 17 ', 'Kalamata', 27456, '2101629224'),
(33, 'Rob Bosbol', '1999-02-06', 21, 'Not Married', 'bird', 'LGBTQ+', 'cristy@gmail.com', NULL, 'Aristofanous 14 ', 'Patra', 99078, '2107660480'),
(34, 'Rob Bosbol', '2002-10-03', 18, 'Married without kids', 'cat', 'female', 'ladius@gmail.com', NULL, 'Panepistimiou 80 ', 'Thessaloniki', 80717, '2103504902'),
(35, 'Ayyy Lmao', '2000-12-18', 20, 'Single', 'dinosaur', 'non-binary', 'cristy@gmail.com', NULL, 'Syggrou 67 ', 'Patra', 61937, '2103192092'),
(36, 'Rob Bosbol', '1923-09-11', 97, 'Married without kids', 'bird', 'non-binary', 'costo@gmail.com', NULL, 'Syggrou 83 ', 'Ioannina', 86149, '2102990128'),
(37, 'Ayyy Lmao', '1923-05-01', 97, 'Married with kids', 'dragon', 'female', 'cristy@gmail.com', NULL, 'Alevizou 31 ', 'Komotini', 43157, '2104496246'),
(38, 'Costo Costopoulos', '1997-10-02', 23, 'Married with kids', 'bird', 'non-binary', 'costo@gmail.com', NULL, 'Volivias 42 ', 'Athens', 81223, '2104505150'),
(39, 'Ladius Mavraeidis', '1999-01-13', 21, 'Not Married', 'monkey', 'male', 'cristy@gmail.com', NULL, 'Panepistimiou 75 ', 'Komotini', 61722, '2105148854'),
(40, 'Koustw Kousters', '1992-03-19', 28, 'Not Married', 'dinosaur', 'non-binary', 'costo@gmail.com', NULL, 'Ethnarxou 5 ', 'Trikala', 49015, '2108384715'),
(41, 'Costo Costopoulos', '1956-08-16', 64, 'Married without kids', 'cat', 'binary', 'ladius@gmail.com', NULL, 'Aristotelous 77 ', 'Patra', 19935, '2105549363'),
(42, 'Jonas Kannwald', '1998-01-03', 22, 'Single', 'dog', 'female', 'ladius@gmail.com', NULL, 'Aristofanous 11 ', 'Patra', 30209, '2105346036'),
(43, 'Bol Nesbol', '1900-04-17', 120, 'Married without kids', 'dragon', 'male', 'cristy@gmail.com', NULL, 'Volivias 91 ', 'Athens', 93529, '2108299455'),
(44, 'Raf Kousters', '1900-11-05', 120, 'Married with kids', 'bird', 'LGBTQ+', 'costo@gmail.com', NULL, 'Aristofanous 56 ', 'Thessaloniki', 44539, '2109848335'),
(45, 'Jonas Kannwald', '1821-01-03', 199, 'Married without kids', 'cat', 'female', 'cristy@gmail.com', NULL, 'Ethnarxou 83 ', 'Athens', 21686, '2106665833'),
(46, 'Costo Costopoulos', '1992-04-22', 28, 'Married without kids', 'dragon', 'non-binary', 'ladius@gmail.com', NULL, 'Megalexandou 34 ', 'Volos', 81116, '2103956675'),
(47, 'Ayyy Lmao', '2001-11-16', 19, 'Single', 'monkey', 'female', 'costo@gmail.com', NULL, 'Syntagmatos 98 ', 'Athens', 42473, '2109842171'),
(48, 'Bol Garfals', '1956-02-17', 64, 'Single', 'dog', 'binary', 'cristy@gmail.com', NULL, 'Ethnarxou 62 ', 'Patra', 34391, '2100812166'),
(49, 'Jonas Kannwald', '1956-05-04', 64, 'Single', 'monkey', 'binary', 'cristy@gmail.com', NULL, 'Aristotelous 85 ', 'Komotini', 83974, '2101499321'),
(50, 'Kristy Tsakanika', '1998-01-12', 22, 'Not Married', 'bird', 'male', 'cristy@gmail.com', NULL, 'Megalexandou 44 ', 'Trikala', 78198, '2103982445'),
(51, 'Jonas Kannwald', '1992-02-06', 28, 'Married without kids', 'bird', 'female', 'cristy@gmail.com', NULL, 'Panepistimiou 0 ', 'Kalamata', 50564, '2100607072'),
(52, 'Ladius Mavraeidis', '1997-03-01', 23, 'Not Married', 'dragon', 'female', 'costo@gmail.com', NULL, 'Ethnarxou 80 ', 'Kalamata', 43331, '2100438258'),
(53, 'Ladius Mavraeidis', '1900-01-27', 120, 'Married without kids', 'bird', 'binary', 'ladius@gmail.com', NULL, 'Syggrou 69 ', 'Patra', 78141, '2104386399'),
(54, 'Rob Bosbol', '1821-01-03', 199, 'Married without kids', 'dog', 'binary', 'costo@gmail.com', NULL, 'Volivias 25 ', 'Komotini', 48598, '2108040697'),
(55, 'Raf Kousters', '2001-11-26', 19, 'Married with kids', 'monkey', 'non-binary', 'costo@gmail.com', NULL, 'Aristotelous 45 ', 'Komotini', 10935, '2109379493'),
(56, 'Kroto Tsarpanika', '1956-10-23', 64, 'Married without kids', 'dragon', 'non-binary', 'costo@gmail.com', NULL, 'Syggrou 58 ', 'Patra', 97436, '2104508663'),
(57, 'Bol Garfals', '1900-11-18', 120, 'Married with kids', 'dragon', 'non-binary', 'ladius@gmail.com', NULL, 'Ionos 88 ', 'Athens', 81115, '2102297068'),
(58, 'Bol Nesbol', '1999-03-07', 21, 'Married with kids', 'dragon', 'male', 'ladius@gmail.com', NULL, 'Syntagmatos 88 ', 'Volos', 17246, '2104341920'),
(59, 'Antigonos Gonatas', '2000-10-29', 20, 'Not Married', 'monkey', 'female', 'costo@gmail.com', NULL, 'Ethnarxou 3 ', 'Ioannina', 25031, '2107256024'),
(60, 'Kristy Tsakanika', '1997-08-01', 23, 'Married with kids', 'dragon', 'LGBTQ+', 'costo@gmail.com', NULL, 'Ionos 79 ', 'Patra', 72545, '2101921894'),
(61, 'Costo Costopoulos', '1992-09-02', 28, 'Not Married', 'cat', 'LGBTQ+', 'ladius@gmail.com', NULL, 'Volivias 8 ', 'Komotini', 13196, '2104450690'),
(62, 'Jonas Kannwald', '1956-03-15', 64, 'Married with kids', 'dinosaur', 'LGBTQ+', 'costo@gmail.com', NULL, 'Ionos 79 ', 'Trikala', 90582, '2104003078'),
(63, 'Alex Pirzas', '2000-06-06', 20, 'Not Married', 'dinosaur', 'non-binary', 'ladius@gmail.com', NULL, 'Syggrou 29 ', 'Volos', 67459, '2103670307'),
(64, 'Kroto Tsarpanika', '1923-09-10', 97, 'Single', 'dog', 'LGBTQ+', 'ladius@gmail.com', NULL, 'Syntagmatos 55 ', 'Ioannina', 14888, '2102398074'),
(65, 'Dro Lias', '2002-11-27', 18, 'Single', 'monkey', 'LGBTQ+', 'cristy@gmail.com', NULL, 'Volivias 74 ', 'Athens', 16380, '2107380000'),
(66, 'Bol Garfals', '1917-12-22', 103, 'Married without kids', 'monkey', 'LGBTQ+', 'costo@gmail.com', NULL, 'Ionos 84 ', 'Komotini', 34452, '2100121263'),
(67, 'Kroto Tsarpanika', '1923-02-15', 97, 'Married with kids', 'bird', 'binary', 'costo@gmail.com', NULL, 'Panepistimiou 1 ', 'Komotini', 33477, '2106196182'),
(68, 'Raf Kousters', '1998-11-13', 22, 'Married with kids', 'dog', 'female', 'costo@gmail.com', NULL, 'Aristotelous 89 ', 'Thessaloniki', 94365, '2106408673'),
(69, 'Ayyy Lmao', '2000-11-28', 20, 'Not Married', 'dragon', 'non-binary', 'cristy@gmail.com', NULL, 'Ethnarxou 62 ', 'Komotini', 50329, '2103420887'),
(70, 'Costo Costopoulos', '1956-04-18', 64, 'Single', 'dragon', 'binary', 'ladius@gmail.com', NULL, 'Ethnarxou 76 ', 'Thessaloniki', 76656, '2107025519'),
(71, 'Costo Costopoulos', '2002-04-23', 18, 'Married without kids', 'dinosaur', 'male', 'ladius@gmail.com', NULL, 'Panepistimiou 93 ', 'Komotini', 37767, '2106778705'),
(72, 'Kroto Tsarpanika', '1928-05-30', 92, 'Married without kids', 'bird', 'LGBTQ+', 'ladius@gmail.com', NULL, 'Syggrou 12 ', 'Volos', 23038, '2109711498'),
(73, 'Pipis Bob', '2000-11-30', 20, 'Married with kids', 'cat', 'binary', 'costo@gmail.com', NULL, 'Volivias 93 ', 'Kalamata', 88414, '2109468517'),
(74, 'Koustw Kousters', '1998-09-25', 22, 'Married with kids', 'monkey', 'female', 'cristy@gmail.com', NULL, 'Panepistimiou 29 ', 'Trikala', 39956, '2108091935'),
(75, 'Rob Bosbol', '1999-05-23', 21, 'Married without kids', 'bird', 'female', 'ladius@gmail.com', NULL, 'Panepistimiou 23 ', 'Thessaloniki', 24259, '2108353982'),
(76, 'Pipis Bob', '2002-01-23', 18, 'Single', 'bird', 'binary', 'ladius@gmail.com', NULL, 'Panepistimiou 27 ', 'Ioannina', 94368, '2101891711'),
(77, 'Antigonos Gonatas', '1999-09-12', 21, 'Married without kids', 'cat', 'binary', 'cristy@gmail.com', NULL, 'Alevizou 9 ', 'Ioannina', 43126, '2101653439'),
(78, 'Koustw Kousters', '1998-02-14', 22, 'Married without kids', 'monkey', 'non-binary', 'cristy@gmail.com', NULL, 'Ionos 53 ', 'Kalamata', 24112, '2100519236'),
(79, 'Kroto Tsarpanika', '1956-12-08', 64, 'Not Married', 'dog', 'binary', 'costo@gmail.com', NULL, 'Volivias 78 ', 'Ioannina', 75462, '2102194809'),
(80, 'Koustw Kousters', '2002-01-20', 18, 'Married with kids', 'dinosaur', 'binary', 'costo@gmail.com', NULL, 'Aristofanous 74 ', 'Kalamata', 28163, '2107121168'),
(81, 'Ayyy Lmao', '1900-07-25', 120, 'Single', 'bird', 'non-binary', 'costo@gmail.com', NULL, 'Syntagmatos 51 ', 'Athens', 24552, '2101680214'),
(82, 'Bol Garfals', '1917-01-24', 103, 'Single', 'dinosaur', 'LGBTQ+', 'costo@gmail.com', NULL, 'Ionos 11 ', 'Trikala', 58307, '2102491916'),
(83, 'Ladius Mavraeidis', '2000-07-30', 20, 'Married with kids', 'monkey', 'binary', 'ladius@gmail.com', NULL, 'Ethnarxou 42 ', 'Trikala', 21601, '2109258580'),
(84, 'Alex Pirzas', '2001-10-24', 19, 'Married with kids', 'cat', 'non-binary', 'cristy@gmail.com', NULL, 'Ionos 25 ', 'Ioannina', 44243, '2100686845'),
(85, 'Kristy Tsakanika', '1821-09-19', 199, 'Single', 'dinosaur', 'male', 'cristy@gmail.com', NULL, 'Aristotelous 70 ', 'Thessaloniki', 32374, '2108668779'),
(86, 'Rob Bosbol', '1997-07-17', 23, 'Not Married', 'dinosaur', 'non-binary', 'cristy@gmail.com', NULL, 'Ionos 99 ', 'Patra', 34172, '2105402666'),
(87, 'Kroto Tsarpanika', '1923-08-07', 97, 'Married without kids', 'dinosaur', 'LGBTQ+', 'cristy@gmail.com', NULL, 'Aristotelous 85 ', 'Ioannina', 95747, '2108858822'),
(88, 'Pipis Bob', '1900-06-25', 120, 'Single', 'dog', 'male', 'ladius@gmail.com', NULL, 'Syntagmatos 11 ', 'Volos', 99986, '2107377531'),
(89, 'Koustw Kousters', '1956-11-20', 64, 'Not Married', 'dinosaur', 'female', 'ladius@gmail.com', NULL, 'Aristofanous 14 ', 'Thessaloniki', 79425, '2103244517'),
(90, 'Costo Costopoulos', '1900-04-13', 120, 'Married without kids', 'cat', 'LGBTQ+', 'cristy@gmail.com', NULL, 'Volivias 100 ', 'Patra', 93041, '2101383632'),
(91, 'Alex Pirzas', '1999-03-29', 21, 'Married with kids', 'dragon', 'non-binary', 'ladius@gmail.com', NULL, 'Ionos 67 ', 'Thessaloniki', 25983, '2107681050'),
(92, 'Ayyy Lmao', '1999-09-03', 21, 'Single', 'dog', 'binary', 'ladius@gmail.com', NULL, 'Ethnarxou 31 ', 'Patra', 44413, '2106268827'),
(93, 'Antigonos Gonatas', '2002-06-29', 18, 'Single', 'dog', 'female', 'cristy@gmail.com', NULL, 'Megalexandou 10 ', 'Ioannina', 27914, '2107567242'),
(94, 'Rob Bosbol', '1923-02-16', 97, 'Not Married', 'dinosaur', 'male', 'cristy@gmail.com', NULL, 'Aristotelous 20 ', 'Patra', 25314, '2103710419'),
(95, 'Bol Garfals', '1917-07-10', 103, 'Single', 'cat', 'non-binary', 'costo@gmail.com', NULL, 'Aristotelous 67 ', 'Kalamata', 61489, '2109176285'),
(96, 'Raf Kousters', '1999-08-17', 21, 'Married without kids', 'monkey', 'LGBTQ+', 'cristy@gmail.com', NULL, 'Ethnarxou 10 ', 'Athens', 16553, '2100449622'),
(97, 'Kroto Tsarpanika', '1992-11-12', 28, 'Not Married', 'monkey', 'binary', 'cristy@gmail.com', NULL, 'Syntagmatos 76 ', 'Kalamata', 65679, '2102281415'),
(98, 'Costo Costopoulos', '1999-05-15', 21, 'Married without kids', 'monkey', 'female', 'cristy@gmail.com', NULL, 'Ethnarxou 81 ', 'Thessaloniki', 66777, '2103997825'),
(99, 'Alex Pirzas', '1956-04-20', 64, 'Single', 'bird', 'binary', 'ladius@gmail.com', NULL, 'Aristofanous 50 ', 'Kalamata', 45058, '2102571428'),
(100, 'Bol Garfals', '1821-07-24', 199, 'Single', 'monkey', 'binary', 'costo@gmail.com', NULL, 'Syntagmatos 91 ', 'Volos', 21251, '2104439396');

-- --------------------------------------------------------

--
-- Stand-in structure for view `custs`
-- (See below for the actual view)
--
CREATE TABLE `custs` (
`card_id` int(11)
,`full_name` varchar(80)
,`birth_date` text
,`age` int(4)
,`family_status` varchar(255)
,`pet` varchar(50)
,`gender` varchar(255)
,`email` varchar(100)
,`card_points` varchar(30)
,`address` varchar(100)
,`city` varchar(25)
,`postal_code` int(10)
,`phone` varchar(15)
);

-- --------------------------------------------------------

--
-- Table structure for table `offers`
--

CREATE TABLE `offers` (
  `s_id` int(11) NOT NULL,
  `bcode` int(11) NOT NULL,
  `alley_shelf` varchar(10) NOT NULL
) ENGINE=InnoDB DEFAULT CHARSET=utf8mb4;

--
-- Dumping data for table `offers`
--

INSERT INTO `offers` (`s_id`, `bcode`, `alley_shelf`) VALUES
(1, 1, 'G9'),
(2, 1, 'H12'),
(3, 1, 'I20'),
(4, 1, 'H5'),
(5, 1, 'L4'),
(6, 1, 'L15'),
(7, 1, 'I16'),
(8, 1, 'B2'),
(9, 1, 'F3'),
(10, 1, 'L3'),
(1, 2, 'C1'),
(2, 2, 'I12'),
(3, 2, 'C20'),
(4, 2, 'A13'),
(5, 2, 'F8'),
(6, 2, 'J12'),
(7, 2, 'L10'),
(8, 2, 'J10'),
(9, 2, 'J10'),
(10, 2, 'C13'),
(1, 3, 'K5'),
(2, 3, 'B20'),
(3, 3, 'I14'),
(4, 3, 'C5'),
(5, 3, 'E13'),
(6, 3, 'E10'),
(7, 3, 'D6'),
(8, 3, 'I1'),
(9, 3, 'D18'),
(10, 3, 'G19'),
(1, 4, 'J3'),
(2, 4, 'J19'),
(3, 4, 'J20'),
(4, 4, 'B13'),
(5, 4, 'D20'),
(6, 4, 'B14'),
(7, 4, 'J4'),
(8, 4, 'L17'),
(9, 4, 'A9'),
(10, 4, 'E1'),
(1, 5, 'E10'),
(2, 5, 'G11'),
(3, 5, 'C1'),
(4, 5, 'I7'),
(5, 5, 'L7'),
(6, 5, 'L11'),
(7, 5, 'A3'),
(8, 5, 'G10'),
(9, 5, 'A20'),
(10, 5, 'H10'),
(1, 6, 'H2'),
(2, 6, 'I8'),
(3, 6, 'E20'),
(4, 6, 'C6'),
(5, 6, 'J3'),
(6, 6, 'A6'),
(7, 6, 'H14'),
(8, 6, 'L11'),
(9, 6, 'H14'),
(10, 6, 'B10'),
(1, 7, 'B3'),
(2, 7, 'B11'),
(3, 7, 'B7'),
(4, 7, 'A18'),
(5, 7, 'B3'),
(6, 7, 'H13'),
(7, 7, 'C18'),
(8, 7, 'F6'),
(9, 7, 'D2'),
(10, 7, 'K11'),
(1, 8, 'K3'),
(2, 8, 'D7'),
(3, 8, 'F7'),
(4, 8, 'L4'),
(5, 8, 'F4'),
(6, 8, 'C5'),
(7, 8, 'B16'),
(8, 8, 'E10'),
(9, 8, 'G1'),
(10, 8, 'G18'),
(1, 9, 'D6'),
(2, 9, 'G3'),
(3, 9, 'B19'),
(4, 9, 'I8'),
(5, 9, 'B18'),
(6, 9, 'L6'),
(7, 9, 'L17'),
(8, 9, 'G18'),
(9, 9, 'A12'),
(10, 9, 'G6'),
(1, 10, 'C19'),
(2, 10, 'K11'),
(3, 10, 'F13'),
(4, 10, 'G11'),
(5, 10, 'D9'),
(6, 10, 'F4'),
(7, 10, 'L11'),
(8, 10, 'C11'),
(9, 10, 'L15'),
(10, 10, 'H8'),
(1, 11, 'A17'),
(2, 11, 'G2'),
(3, 11, 'J13'),
(4, 11, 'L15'),
(5, 11, 'K5'),
(6, 11, 'H1'),
(7, 11, 'E18'),
(8, 11, 'D16'),
(9, 11, 'L11'),
(10, 11, 'J16'),
(1, 12, 'H13'),
(2, 12, 'G1'),
(3, 12, 'E10'),
(4, 12, 'C10'),
(5, 12, 'G9'),
(6, 12, 'D20'),
(7, 12, 'F7'),
(8, 12, 'I12'),
(9, 12, 'G11'),
(10, 12, 'D16'),
(1, 13, 'E11'),
(2, 13, 'L11'),
(3, 13, 'H6'),
(4, 13, 'C14'),
(5, 13, 'E16'),
(6, 13, 'J16'),
(7, 13, 'D7'),
(8, 13, 'E17'),
(9, 13, 'L6'),
(10, 13, 'E14'),
(1, 14, 'K16'),
(2, 14, 'E6'),
(3, 14, 'D18'),
(4, 14, 'J8'),
(5, 14, 'L8'),
(6, 14, 'E13'),
(7, 14, 'B13'),
(8, 14, 'E18'),
(9, 14, 'I9'),
(10, 14, 'D12'),
(1, 15, 'E4'),
(2, 15, 'I5'),
(3, 15, 'B17'),
(4, 15, 'C1'),
(5, 15, 'C19'),
(6, 15, 'F7'),
(7, 15, 'D14'),
(8, 15, 'J14'),
(9, 15, 'H3'),
(10, 15, 'L10'),
(1, 16, 'F19'),
(2, 16, 'H7'),
(3, 16, 'H18'),
(4, 16, 'D12'),
(5, 16, 'D3'),
(6, 16, 'C14'),
(7, 16, 'G4'),
(8, 16, 'H18'),
(9, 16, 'H2'),
(10, 16, 'E2'),
(1, 17, 'K4'),
(2, 17, 'I6'),
(3, 17, 'I9'),
(4, 17, 'H15'),
(5, 17, 'K10'),
(6, 17, 'F17'),
(7, 17, 'C14'),
(8, 17, 'G1'),
(9, 17, 'D14'),
(10, 17, 'C20'),
(1, 18, 'K14'),
(2, 18, 'E5'),
(3, 18, 'K11'),
(4, 18, 'A16'),
(5, 18, 'B17'),
(6, 18, 'J6'),
(7, 18, 'L9'),
(8, 18, 'L16'),
(9, 18, 'K20'),
(10, 18, 'G7'),
(1, 19, 'I19'),
(2, 19, 'K5'),
(3, 19, 'J5'),
(4, 19, 'C3'),
(5, 19, 'I14'),
(6, 19, 'K7'),
(7, 19, 'D5'),
(8, 19, 'H14'),
(9, 19, 'E15'),
(10, 19, 'D10'),
(1, 20, 'K17'),
(2, 20, 'G18'),
(3, 20, 'A12'),
(4, 20, 'D17'),
(5, 20, 'I16'),
(6, 20, 'G19'),
(7, 20, 'E8'),
(8, 20, 'K20'),
(9, 20, 'D4'),
(10, 20, 'I6'),
(1, 21, 'A20'),
(2, 21, 'C16'),
(3, 21, 'F11'),
(4, 21, 'E11'),
(5, 21, 'C15'),
(6, 21, 'G7'),
(7, 21, 'D9'),
(8, 21, 'D7'),
(9, 21, 'H19'),
(10, 21, 'C11'),
(1, 22, 'K8'),
(2, 22, 'F13'),
(3, 22, 'L5'),
(4, 22, 'B20'),
(5, 22, 'H8'),
(6, 22, 'J15'),
(7, 22, 'J14'),
(8, 22, 'I3'),
(9, 22, 'H7'),
(10, 22, 'D3'),
(1, 23, 'A7'),
(2, 23, 'B1'),
(3, 23, 'F15'),
(4, 23, 'B8'),
(5, 23, 'H18'),
(6, 23, 'L10'),
(7, 23, 'D17'),
(8, 23, 'L6'),
(9, 23, 'K16'),
(10, 23, 'B5'),
(1, 24, 'G11'),
(2, 24, 'L4'),
(3, 24, 'B2'),
(4, 24, 'L12'),
(5, 24, 'J9'),
(6, 24, 'C11'),
(7, 24, 'H3'),
(8, 24, 'J13'),
(9, 24, 'K4'),
(10, 24, 'D18'),
(1, 25, 'B8'),
(2, 25, 'G9'),
(3, 25, 'H11'),
(4, 25, 'A8'),
(5, 25, 'C18'),
(6, 25, 'F15'),
(7, 25, 'H10'),
(8, 25, 'G9'),
(9, 25, 'G10'),
(10, 25, 'K10'),
(1, 26, 'I14'),
(2, 26, 'E18'),
(3, 26, 'L9'),
(4, 26, 'A3'),
(5, 26, 'H9'),
(6, 26, 'F8'),
(7, 26, 'C6'),
(8, 26, 'D10'),
(9, 26, 'G4'),
(10, 26, 'L6'),
(1, 27, 'C6'),
(2, 27, 'E11'),
(3, 27, 'H8'),
(4, 27, 'L19'),
(5, 27, 'K13'),
(6, 27, 'I13'),
(7, 27, 'A12'),
(8, 27, 'C19'),
(9, 27, 'I6'),
(10, 27, 'K6'),
(1, 28, 'C18'),
(2, 28, 'F19'),
(3, 28, 'E18'),
(4, 28, 'C9'),
(5, 28, 'J14'),
(6, 28, 'G18'),
(7, 28, 'F20'),
(8, 28, 'C3'),
(9, 28, 'J8'),
(10, 28, 'F19'),
(1, 29, 'H20'),
(2, 29, 'A4'),
(3, 29, 'F10'),
(4, 29, 'J19'),
(5, 29, 'I4'),
(6, 29, 'C3'),
(7, 29, 'L5'),
(8, 29, 'G16'),
(9, 29, 'L9'),
(10, 29, 'J4'),
(1, 30, 'C4'),
(2, 30, 'G4'),
(3, 30, 'I6'),
(4, 30, 'G16'),
(5, 30, 'K16'),
(6, 30, 'E2'),
(7, 30, 'E14'),
(8, 30, 'C9'),
(9, 30, 'K18'),
(10, 30, 'I11'),
(1, 31, 'J12'),
(2, 31, 'H20'),
(3, 31, 'J12'),
(4, 31, 'G7'),
(5, 31, 'B20'),
(6, 31, 'I15'),
(7, 31, 'I13'),
(8, 31, 'A6'),
(9, 31, 'K11'),
(10, 31, 'B3'),
(1, 32, 'L11'),
(2, 32, 'B17'),
(3, 32, 'D12'),
(4, 32, 'D20'),
(5, 32, 'G4'),
(6, 32, 'J13'),
(7, 32, 'L6'),
(8, 32, 'L20'),
(9, 32, 'K14'),
(10, 32, 'D1'),
(1, 33, 'K1'),
(2, 33, 'A2'),
(3, 33, 'C2'),
(4, 33, 'G18'),
(5, 33, 'F12'),
(6, 33, 'J9'),
(7, 33, 'H9'),
(8, 33, 'L3'),
(9, 33, 'C11'),
(10, 33, 'A7'),
(1, 34, 'J13'),
(2, 34, 'H4'),
(3, 34, 'H19'),
(4, 34, 'A10'),
(5, 34, 'D7'),
(6, 34, 'E11'),
(7, 34, 'H16'),
(8, 34, 'K17'),
(9, 34, 'B11'),
(10, 34, 'I19'),
(1, 35, 'L18'),
(2, 35, 'F10'),
(3, 35, 'J8'),
(4, 35, 'K12'),
(5, 35, 'I10'),
(6, 35, 'B9'),
(7, 35, 'H18'),
(8, 35, 'I16'),
(9, 35, 'C14'),
(10, 35, 'E7'),
(1, 36, 'A16'),
(2, 36, 'C7'),
(3, 36, 'D1'),
(4, 36, 'K13'),
(5, 36, 'C5'),
(6, 36, 'D9'),
(7, 36, 'K9'),
(8, 36, 'I8'),
(9, 36, 'F17'),
(10, 36, 'G16'),
(1, 37, 'G1'),
(2, 37, 'K15'),
(3, 37, 'G20'),
(4, 37, 'K9'),
(5, 37, 'F3'),
(6, 37, 'E4'),
(7, 37, 'L12'),
(8, 37, 'B12'),
(9, 37, 'B7'),
(10, 37, 'C7'),
(1, 38, 'I9'),
(2, 38, 'J20'),
(3, 38, 'K9'),
(4, 38, 'B11'),
(5, 38, 'H7'),
(6, 38, 'K15'),
(7, 38, 'B1'),
(8, 38, 'D1'),
(9, 38, 'D8'),
(10, 38, 'G4'),
(1, 39, 'A18'),
(2, 39, 'J9'),
(3, 39, 'C16'),
(4, 39, 'A1'),
(5, 39, 'D1'),
(6, 39, 'H15'),
(7, 39, 'B2'),
(8, 39, 'E13'),
(9, 39, 'B3'),
(10, 39, 'B19'),
(1, 40, 'L6'),
(2, 40, 'H11'),
(3, 40, 'D11'),
(4, 40, 'I6'),
(5, 40, 'H6'),
(6, 40, 'G2'),
(7, 40, 'I19'),
(8, 40, 'B19'),
(9, 40, 'G20'),
(10, 40, 'I10'),
(1, 41, 'I15'),
(2, 41, 'H10'),
(3, 41, 'K17'),
(4, 41, 'L20'),
(5, 41, 'I5'),
(6, 41, 'G1'),
(7, 41, 'D2'),
(8, 41, 'K5'),
(9, 41, 'L18'),
(10, 41, 'G13'),
(1, 42, 'C8'),
(2, 42, 'I17'),
(3, 42, 'B8'),
(4, 42, 'D16'),
(5, 42, 'C3'),
(6, 42, 'J20'),
(7, 42, 'J1'),
(8, 42, 'I10'),
(9, 42, 'A8'),
(10, 42, 'I2'),
(1, 43, 'J18'),
(2, 43, 'D8'),
(3, 43, 'I18'),
(4, 43, 'L14'),
(5, 43, 'H5'),
(6, 43, 'C15'),
(7, 43, 'F14'),
(8, 43, 'E7'),
(9, 43, 'E11'),
(10, 43, 'E17'),
(1, 44, 'J20'),
(2, 44, 'A3'),
(3, 44, 'C12'),
(4, 44, 'I2'),
(5, 44, 'I15'),
(6, 44, 'E15'),
(7, 44, 'K12'),
(8, 44, 'D4'),
(9, 44, 'C10'),
(10, 44, 'B12'),
(1, 45, 'E14'),
(2, 45, 'J1'),
(3, 45, 'F12'),
(4, 45, 'B14'),
(5, 45, 'K18'),
(6, 45, 'D1'),
(7, 45, 'L7'),
(8, 45, 'B11'),
(9, 45, 'G8'),
(10, 45, 'H5'),
(1, 46, 'H8'),
(2, 46, 'C10'),
(3, 46, 'C10'),
(4, 46, 'E12'),
(5, 46, 'F9'),
(6, 46, 'L1'),
(7, 46, 'C10'),
(8, 46, 'B7'),
(9, 46, 'I17'),
(10, 46, 'K14'),
(1, 47, 'H9'),
(2, 47, 'J8'),
(3, 47, 'C17'),
(4, 47, 'E13'),
(5, 47, 'B4'),
(6, 47, 'B6'),
(7, 47, 'K1'),
(8, 47, 'E5'),
(9, 47, 'E8'),
(10, 47, 'I13'),
(1, 48, 'K15'),
(2, 48, 'C20'),
(3, 48, 'B9'),
(4, 48, 'G9'),
(5, 48, 'K14'),
(6, 48, 'E3'),
(7, 48, 'J16'),
(8, 48, 'D11'),
(9, 48, 'H12'),
(10, 48, 'L9'),
(1, 49, 'A9'),
(2, 49, 'E16'),
(3, 49, 'J16'),
(4, 49, 'I11'),
(5, 49, 'E2'),
(6, 49, 'L9'),
(7, 49, 'C12'),
(8, 49, 'E15'),
(9, 49, 'J1'),
(10, 49, 'E9'),
(1, 50, 'D13'),
(2, 50, 'J7'),
(3, 50, 'B3'),
(4, 50, 'B5'),
(5, 50, 'G10'),
(6, 50, 'I16'),
(7, 50, 'A7'),
(8, 50, 'E1'),
(9, 50, 'I14'),
(10, 50, 'I1'),
(1, 51, 'B1'),
(2, 51, 'J16'),
(3, 51, 'D20'),
(4, 51, 'G14'),
(5, 51, 'H3'),
(6, 51, 'G8'),
(7, 51, 'L18'),
(8, 51, 'L1'),
(9, 51, 'A18'),
(10, 51, 'G10'),
(1, 52, 'D2'),
(2, 52, 'D2'),
(3, 52, 'L13'),
(4, 52, 'E3'),
(5, 52, 'B10'),
(6, 52, 'D11'),
(7, 52, 'J15'),
(8, 52, 'I11'),
(9, 52, 'J5'),
(10, 52, 'J9'),
(1, 53, 'B18'),
(2, 53, 'L9'),
(3, 53, 'I17'),
(4, 53, 'B9'),
(5, 53, 'A3'),
(6, 53, 'F3'),
(7, 53, 'H13'),
(8, 53, 'E14'),
(9, 53, 'J12'),
(10, 53, 'D20'),
(1, 54, 'E1'),
(2, 54, 'E15'),
(3, 54, 'A2'),
(4, 54, 'E9'),
(5, 54, 'G17'),
(6, 54, 'J14'),
(7, 54, 'H8'),
(8, 54, 'J9'),
(9, 54, 'K13'),
(10, 54, 'D11'),
(1, 55, 'D7'),
(2, 55, 'F14'),
(3, 55, 'H9'),
(4, 55, 'D11'),
(5, 55, 'L17'),
(6, 55, 'E19'),
(7, 55, 'I1'),
(8, 55, 'H8'),
(9, 55, 'C19'),
(10, 55, 'D9'),
(1, 56, 'B7'),
(2, 56, 'F9'),
(3, 56, 'J11'),
(4, 56, 'C7'),
(5, 56, 'J17'),
(6, 56, 'D5'),
(7, 56, 'K19'),
(8, 56, 'J1'),
(9, 56, 'I8'),
(10, 56, 'I20'),
(1, 57, 'E12'),
(2, 57, 'K20'),
(3, 57, 'G4'),
(4, 57, 'K1'),
(5, 57, 'E18'),
(6, 57, 'C4'),
(7, 57, 'H4'),
(8, 57, 'A16'),
(9, 57, 'J3'),
(10, 57, 'A8'),
(1, 58, 'B14'),
(2, 58, 'E9'),
(3, 58, 'D17'),
(4, 58, 'F13'),
(5, 58, 'C16'),
(6, 58, 'G10'),
(7, 58, 'G8'),
(8, 58, 'B10'),
(9, 58, 'G13'),
(10, 58, 'J11'),
(1, 59, 'A11'),
(2, 59, 'J14'),
(3, 59, 'L11'),
(4, 59, 'I3'),
(5, 59, 'B11'),
(6, 59, 'B13'),
(7, 59, 'H7'),
(8, 59, 'C1'),
(9, 59, 'C4'),
(10, 59, 'L16'),
(1, 60, 'G6'),
(2, 60, 'J5'),
(3, 60, 'H7'),
(4, 60, 'G20'),
(5, 60, 'G16'),
(6, 60, 'A10'),
(7, 60, 'G10'),
(8, 60, 'L4'),
(9, 60, 'D10'),
(10, 60, 'K3'),
(1, 61, 'D8'),
(2, 61, 'B4'),
(3, 61, 'G15'),
(4, 61, 'K18'),
(5, 61, 'B7'),
(6, 61, 'H8'),
(7, 61, 'F15'),
(8, 61, 'H1'),
(9, 61, 'L3'),
(10, 61, 'E10'),
(1, 62, 'A13'),
(2, 62, 'F17'),
(3, 62, 'D14'),
(4, 62, 'I9'),
(5, 62, 'K4'),
(6, 62, 'L18'),
(7, 62, 'J12'),
(8, 62, 'A12'),
(9, 62, 'B4'),
(10, 62, 'F2'),
(1, 63, 'I8'),
(2, 63, 'C13'),
(3, 63, 'D15'),
(4, 63, 'E7'),
(5, 63, 'G11'),
(6, 63, 'D18'),
(7, 63, 'L2'),
(8, 63, 'L18'),
(9, 63, 'C12'),
(10, 63, 'A4'),
(1, 64, 'I5'),
(2, 64, 'F4'),
(3, 64, 'K16'),
(4, 64, 'F10'),
(5, 64, 'L14'),
(6, 64, 'H7'),
(7, 64, 'B19'),
(8, 64, 'K3'),
(9, 64, 'B16'),
(10, 64, 'F11'),
(1, 65, 'E15'),
(2, 65, 'L1'),
(3, 65, 'K18'),
(4, 65, 'J7'),
(5, 65, 'L5'),
(6, 65, 'D2'),
(7, 65, 'L16'),
(8, 65, 'F8'),
(9, 65, 'F10'),
(10, 65, 'B9'),
(1, 66, 'A15'),
(2, 66, 'F1'),
(3, 66, 'A16'),
(4, 66, 'E4'),
(5, 66, 'I2'),
(6, 66, 'I17'),
(7, 66, 'K6'),
(8, 66, 'B20'),
(9, 66, 'J6'),
(10, 66, 'F13'),
(1, 67, 'B19'),
(2, 67, 'B8'),
(3, 67, 'E12'),
(4, 67, 'F15'),
(5, 67, 'G14'),
(6, 67, 'K4'),
(7, 67, 'A15'),
(8, 67, 'A20'),
(9, 67, 'H13'),
(10, 67, 'L2'),
(1, 68, 'H10'),
(2, 68, 'E12'),
(3, 68, 'E15'),
(4, 68, 'F8'),
(5, 68, 'K20'),
(6, 68, 'H9'),
(7, 68, 'B4'),
(8, 68, 'E4'),
(9, 68, 'H10'),
(10, 68, 'G8'),
(1, 69, 'A10'),
(2, 69, 'C19'),
(3, 69, 'B18'),
(4, 69, 'B17'),
(5, 69, 'C1'),
(6, 69, 'I6'),
(7, 69, 'F13'),
(8, 69, 'I9'),
(9, 69, 'J7'),
(10, 69, 'C8'),
(1, 70, 'C20'),
(2, 70, 'B5'),
(3, 70, 'C14'),
(4, 70, 'E6'),
(5, 70, 'K6'),
(6, 70, 'D3'),
(7, 70, 'B7'),
(8, 70, 'A17'),
(9, 70, 'F4'),
(10, 70, 'H14'),
(1, 71, 'G15'),
(2, 71, 'K1'),
(3, 71, 'G2'),
(4, 71, 'G19'),
(5, 71, 'J4'),
(6, 71, 'I4'),
(7, 71, 'K15'),
(8, 71, 'C14'),
(9, 71, 'B1'),
(10, 71, 'J1'),
(1, 72, 'B6'),
(2, 72, 'A7'),
(3, 72, 'H4'),
(4, 72, 'L1'),
(5, 72, 'E10'),
(6, 72, 'F5'),
(7, 72, 'C16'),
(8, 72, 'H2'),
(9, 72, 'K9'),
(10, 72, 'D7'),
(1, 73, 'F5'),
(2, 73, 'C4'),
(3, 73, 'A7'),
(4, 73, 'I19'),
(5, 73, 'C20'),
(6, 73, 'D17'),
(7, 73, 'G18'),
(8, 73, 'J2'),
(9, 73, 'F11'),
(10, 73, 'A20'),
(1, 74, 'H5'),
(2, 74, 'E13'),
(3, 74, 'J3'),
(4, 74, 'G10'),
(5, 74, 'B13'),
(6, 74, 'G3'),
(7, 74, 'L8'),
(8, 74, 'D18'),
(9, 74, 'D3'),
(10, 74, 'B16'),
(1, 75, 'A14'),
(2, 75, 'D13'),
(3, 75, 'A14'),
(4, 75, 'B15'),
(5, 75, 'H14'),
(6, 75, 'H5'),
(7, 75, 'A19'),
(8, 75, 'B15'),
(9, 75, 'I13'),
(10, 75, 'D15'),
(1, 76, 'C10'),
(2, 76, 'H8'),
(3, 76, 'A1'),
(4, 76, 'K15'),
(5, 76, 'E15'),
(6, 76, 'A17'),
(7, 76, 'E17'),
(8, 76, 'K8'),
(9, 76, 'B5'),
(10, 76, 'A11'),
(1, 77, 'A5'),
(2, 77, 'L2'),
(3, 77, 'E9'),
(4, 77, 'H7'),
(5, 77, 'C14'),
(6, 77, 'A8'),
(7, 77, 'F11'),
(8, 77, 'B3'),
(9, 77, 'E2'),
(10, 77, 'K17'),
(1, 78, 'J11'),
(2, 78, 'G6'),
(3, 78, 'H14'),
(4, 78, 'H19'),
(5, 78, 'J10'),
(6, 78, 'L4'),
(7, 78, 'L19'),
(8, 78, 'F9'),
(9, 78, 'I19'),
(10, 78, 'K8'),
(1, 79, 'G17'),
(2, 79, 'D10'),
(3, 79, 'H2'),
(4, 79, 'K10'),
(5, 79, 'A8'),
(6, 79, 'H20'),
(7, 79, 'E5'),
(8, 79, 'A3'),
(9, 79, 'G2'),
(10, 79, 'I18'),
(1, 80, 'I18'),
(2, 80, 'D15'),
(3, 80, 'K8'),
(4, 80, 'J10'),
(5, 80, 'E9'),
(6, 80, 'F6'),
(7, 80, 'K18'),
(8, 80, 'A5'),
(9, 80, 'B10'),
(10, 80, 'K2'),
(1, 81, 'D4'),
(2, 81, 'A18'),
(3, 81, 'G10'),
(4, 81, 'E5'),
(5, 81, 'H15'),
(6, 81, 'K12'),
(7, 81, 'H1'),
(8, 81, 'I20'),
(9, 81, 'A14'),
(10, 81, 'G9'),
(1, 82, 'L16'),
(2, 82, 'D12'),
(3, 82, 'H13'),
(4, 82, 'C15'),
(5, 82, 'L12'),
(6, 82, 'B4'),
(7, 82, 'A8'),
(8, 82, 'F15'),
(9, 82, 'K3'),
(10, 82, 'K15'),
(1, 83, 'K9'),
(2, 83, 'D1'),
(3, 83, 'L17'),
(4, 83, 'H9'),
(5, 83, 'E14'),
(6, 83, 'K6'),
(7, 83, 'K14'),
(8, 83, 'E2'),
(9, 83, 'K10'),
(10, 83, 'B20'),
(1, 84, 'F1'),
(2, 84, 'K12'),
(3, 84, 'I15'),
(4, 84, 'F2'),
(5, 84, 'K15'),
(6, 84, 'C2'),
(7, 84, 'I14'),
(8, 84, 'G4'),
(9, 84, 'F18'),
(10, 84, 'H11'),
(1, 85, 'E18'),
(2, 85, 'I16'),
(3, 85, 'K20'),
(4, 85, 'E19'),
(5, 85, 'H12'),
(6, 85, 'K18'),
(7, 85, 'B5'),
(8, 85, 'D2'),
(9, 85, 'A13'),
(10, 85, 'A14'),
(1, 86, 'K12'),
(2, 86, 'B2'),
(3, 86, 'J18'),
(4, 86, 'K11'),
(5, 86, 'D17'),
(6, 86, 'A11'),
(7, 86, 'D15'),
(8, 86, 'F16'),
(9, 86, 'L4'),
(10, 86, 'A15'),
(1, 87, 'L4'),
(2, 87, 'A14'),
(3, 87, 'A20'),
(4, 87, 'E15'),
(5, 87, 'B15'),
(6, 87, 'G6'),
(7, 87, 'A18'),
(8, 87, 'H16'),
(9, 87, 'F5'),
(10, 87, 'C3'),
(1, 88, 'C17'),
(2, 88, 'L13'),
(3, 88, 'K13'),
(4, 88, 'L3'),
(5, 88, 'J5'),
(6, 88, 'L13'),
(7, 88, 'C7'),
(8, 88, 'A14'),
(9, 88, 'H6'),
(10, 88, 'E13'),
(1, 89, 'E2'),
(2, 89, 'G20'),
(3, 89, 'F8'),
(4, 89, 'E2'),
(5, 89, 'L9'),
(6, 89, 'B3'),
(7, 89, 'J10'),
(8, 89, 'G3'),
(9, 89, 'E9'),
(10, 89, 'B2');

-- --------------------------------------------------------

--
-- Table structure for table `old_price`
--

CREATE TABLE `old_price` (
  `prodd_id` int(11) NOT NULL,
  `start_date` timestamp NOT NULL DEFAULT current_timestamp() ON UPDATE current_timestamp(),
  `price` float DEFAULT NULL,
  `end_date` timestamp NULL DEFAULT NULL
) ENGINE=InnoDB DEFAULT CHARSET=utf8mb4;

--
-- Dumping data for table `old_price`
--

INSERT INTO `old_price` (`prodd_id`, `start_date`, `price`, `end_date`) VALUES
(6, '2020-07-07 14:22:49', 5.72, '2020-07-10 17:23:09'),
(6, '2020-07-10 17:23:09', 78, '2020-07-10 17:23:20'),
(6, '2020-07-10 17:23:20', 4, '2020-07-10 17:24:29'),
(6, '2020-07-10 17:24:29', 4.22, '2020-07-10 17:24:49'),
(6, '2020-07-10 17:24:49', 0, '2020-07-12 01:51:03'),
(6, '2020-07-12 01:51:03', 9.43, '2020-07-12 01:51:09'),
(6, '2020-07-12 01:51:09', 0, '2020-07-12 01:52:44'),
(6, '2020-07-12 01:52:44', 7.62, '2020-07-12 01:52:49'),
(6, '2020-07-12 01:52:49', 0, '2020-07-12 01:57:38'),
(6, '2020-07-12 01:57:38', 5.67, '2020-07-12 01:57:42'),
(6, '2020-07-12 01:57:42', 0, '2020-07-12 02:00:32'),
(6, '2020-07-12 02:00:32', 6.77, '2020-07-12 02:02:48'),
(6, '2020-07-12 02:02:48', 0, '2020-07-12 02:02:58'),
(6, '2020-07-12 02:02:58', 4.23, '2020-07-12 02:13:47'),
(6, '2020-07-12 02:13:47', 0, '2020-07-12 02:13:59'),
(6, '2020-07-12 02:13:59', 8.67, '2020-07-12 02:14:50'),
(6, '2020-07-12 02:14:50', 0, '2020-07-12 02:15:00'),
(7, '2020-07-07 14:22:49', 2.14, '2020-07-10 17:25:11'),
(8, '2020-07-07 14:22:49', 2.18, '2020-07-12 01:53:01'),
(8, '2020-07-12 01:53:01', 8.64, '2020-07-12 01:53:05');

-- --------------------------------------------------------

--
-- Table structure for table `product`
--

CREATE TABLE `product` (
  `product_id` int(11) NOT NULL,
  `name` varchar(100) NOT NULL,
  `brand_name` varchar(100) NOT NULL,
  `price` varchar(50) NOT NULL,
  `first_transaction` timestamp NOT NULL DEFAULT current_timestamp() ON UPDATE current_timestamp(),
  `category_id` int(11) NOT NULL
) ENGINE=InnoDB DEFAULT CHARSET=utf8mb4;

--
-- Dumping data for table `product`
--

INSERT INTO `product` (`product_id`, `name`, `brand_name`, `price`, `first_transaction`, `category_id`) VALUES
(1, 'Domestic Tomato', '1', '2.79', '2020-07-07 14:22:49', 1),
(2, 'Domestic Bananas', '1', '1.06', '2020-07-07 14:22:49', 1),
(3, 'Domestic strawberries', '1', '4.51', '2020-07-07 14:22:49', 1),
(4, 'imported strawberries', '1', '3.36', '2020-07-07 14:22:49', 1),
(5, 'Imported bananas', '1', '2.54', '2020-07-07 14:22:49', 1),
(6, 'Imported Tomato', '0', '2.44', '2020-07-12 02:15:00', 1),
(7, 'Domestic Oninons', '1', '0', '2020-07-10 17:25:11', 1),
(8, 'Imported Onion', '0', '0', '2020-07-12 01:53:05', 1),
(9, 'Imported Spinach', '0', '6.7', '2020-07-07 14:22:49', 1),
(10, 'Domestic Spinach', '1', '3.59', '2020-07-07 14:22:50', 1),
(11, 'Domestic Olives', '1', '6.71', '2020-07-07 14:22:50', 1),
(12, 'Italian Olives', '1', '1.41', '2020-07-07 14:22:50', 1),
(13, 'Canadian Maple Syrup', '1', '2.0', '2020-07-07 14:22:50', 1),
(14, 'Brazilian Bananas', '1', '6.44', '2020-07-07 14:22:50', 1),
(15, 'Dominican Pineapple', '1', '5.75', '2020-07-07 14:22:50', 1),
(16, 'Domestic Apples', '1', '6.08', '2020-07-07 14:22:50', 1),
(17, 'Indonesian Jackfruit', '1', '6.28', '2020-07-07 14:22:50', 1),
(18, 'Triki Milk', '0', '6.58', '2020-07-07 14:22:50', 2),
(19, 'Imported Milk', '0', '8.22', '2020-07-07 14:22:50', 2),
(20, 'Gouda Cheese', '1', '6.25', '2020-07-07 14:22:50', 2),
(21, 'Edam Cheese', '1', '4.98', '2020-07-07 14:22:50', 2),
(22, 'Feta Cheese', '1', '5.36', '2020-07-07 14:22:51', 2),
(23, 'Pastrami', '0', '7.09', '2020-07-07 14:22:51', 2),
(24, 'Cotage Cheese', '0', '9.48', '2020-07-07 14:22:51', 2),
(25, 'English Cheddar', '0', '8.3', '2020-07-07 14:22:51', 2),
(26, 'Dry Mozzarelle', '1', '8.58', '2020-07-07 14:22:51', 2),
(27, 'Italian Pecorino', '1', '8.63', '2020-07-07 14:22:51', 2),
(28, 'Italian Parmesan', '0', '1.02', '2020-07-07 14:22:51', 2),
(29, 'Fresh Mozzarelle', '0', '6.84', '2020-07-07 14:22:51', 2),
(30, 'Salami', '0', '8.18', '2020-07-07 14:22:51', 2),
(31, 'Metsovone Cheese', '0', '6.92', '2020-07-07 14:22:51', 2),
(32, 'Graviera Naxou', '1', '5.42', '2020-07-07 14:22:51', 2),
(33, 'Amita Peach Juice', '0', '53.76', '2020-07-07 14:22:51', 3),
(34, 'Amita Motion', '0', '28.23', '2020-07-07 14:22:51', 3),
(35, 'Lux Orange Juice', '1', '33.25', '2020-07-07 14:22:51', 3),
(36, 'Vikos Cola', '0', '48.75', '2020-07-07 14:22:51', 3),
(37, 'Coca Cola', '1', '38.72', '2020-07-07 14:22:52', 3),
(38, 'Coca Cola Zero', '0', '45.36', '2020-07-07 14:22:52', 3),
(39, 'Coca Cola Light', '1', '48.0', '2020-07-07 14:22:52', 3),
(40, 'Coca cola even lighter', '1', '20.0', '2020-07-07 14:22:52', 3),
(41, 'Chivas Regal', '0', '44.13', '2020-07-07 14:22:52', 3),
(42, 'Bacardi', '0', '8.75', '2020-07-07 14:22:52', 3),
(43, 'Dimple', '0', '48.4', '2020-07-07 14:22:52', 3),
(44, 'Old Pulteney', '0', '56.99', '2020-07-07 14:22:52', 3),
(45, 'Mexican Tequila', '1', '20.43', '2020-07-07 14:22:52', 3),
(46, 'Italian Crapa', '1', '10.56', '2020-07-07 14:22:52', 3),
(47, 'Tsikoudia', '0', '19.66', '2020-07-07 14:22:52', 3),
(48, 'Ouzo 12', '1', '15.95', '2020-07-07 14:22:52', 3),
(49, 'Greek Tsipouro', '0', '19.67', '2020-07-07 14:22:52', 3),
(50, 'Greek Champaign', '1', '11.26', '2020-07-07 14:22:52', 3),
(51, 'Face Mask', '1', '1.37', '2020-07-07 14:22:52', 4),
(52, 'Colgate Toothbrash', '0', '4.83', '2020-07-07 14:22:52', 4),
(53, 'Colgate Toothpaste', '0', '7.34', '2020-07-07 14:22:52', 4),
(54, 'Aim toothbrash', '0', '7.8', '2020-07-07 14:22:53', 4),
(55, 'Aim electric Toothbrash', '0', '3.15', '2020-07-07 14:22:53', 4),
(56, 'Aim mint toothpaste', '0', '1.76', '2020-07-07 14:22:53', 4),
(57, 'Nivea Sun Protector', '1', '5.11', '2020-07-07 14:22:53', 4),
(58, 'Axe Marine', '0', '5.19', '2020-07-07 14:22:53', 4),
(59, 'Axe Africa', '0', '3.6', '2020-07-07 14:22:53', 4),
(60, 'Le petit Marselle', '0', '1.85', '2020-07-07 14:22:53', 4),
(61, 'Wash And Go', '0', '5.01', '2020-07-07 14:22:53', 4),
(62, 'Hand Sanitizer', '0', '1.87', '2020-07-07 14:22:53', 4),
(63, 'Head and soulders', '0', '4.25', '2020-07-07 14:22:53', 4),
(64, 'Square Table', '0', '21.83', '2020-07-07 14:22:53', 5),
(65, 'Cyclic Table', '0', '19.5', '2020-07-07 14:22:53', 5),
(66, 'Chair 1', '1', '35.71', '2020-07-07 14:22:53', 5),
(67, 'Char 2', '0', '4.01', '2020-07-07 14:22:53', 5),
(68, 'Bic Lighters', '0', '18.71', '2020-07-07 14:22:53', 5),
(69, 'Cricket Lighters', '1', '27.81', '2020-07-07 14:22:53', 5),
(70, 'candles', '1', '7.85', '2020-07-07 14:22:53', 5),
(71, 'Knifes', '0', '35.48', '2020-07-07 14:22:54', 5),
(72, 'Forks', '0', '8.15', '2020-07-07 14:22:54', 5),
(73, 'Spoons', '0', '27.37', '2020-07-07 14:22:54', 5),
(74, 'Towels', '1', '5.69', '2020-07-07 14:22:54', 5),
(75, 'Paper Towels', '0', '19.4', '2020-07-07 14:22:54', 5),
(76, 'Straws', '1', '3.93', '2020-07-07 14:22:54', 5),
(77, 'Pen', '1', '21.21', '2020-07-07 14:22:54', 5),
(78, 'Pencils', '0', '27.3', '2020-07-07 14:22:54', 5),
(79, 'Dog food', '1', '8.07', '2020-07-07 14:22:54', 6),
(80, 'Cat food', '1', '13.16', '2020-07-07 14:22:54', 6),
(81, 'Fish food', '0', '19.24', '2020-07-07 14:22:54', 6),
(82, 'Acquarium', '1', '16.8', '2020-07-07 14:22:54', 6),
(83, 'Dog Strap', '0', '4.49', '2020-07-07 14:22:54', 6),
(84, 'Cat Strap', '1', '13.64', '2020-07-07 14:22:54', 6),
(85, 'Kitekat Liquid Chicken Cat Food', '0', '2.74', '2020-07-07 14:22:55', 6),
(86, 'Liquid Dog Food Dog Cookies ', '0', '9.35', '2020-07-07 14:22:55', 6),
(87, 'Dog Pate Beef', '1', '8.28', '2020-07-07 14:22:55', 6),
(88, 'Friskies Liquid Food For Pate Dogs With Beef', '1', '19.3', '2020-07-07 14:22:55', 6),
(89, 'Pedigree Rodeo Dog Snack', '0', '3.38', '2020-07-07 14:22:55', 6);

-- --------------------------------------------------------

--
-- Table structure for table `provides`
--

CREATE TABLE `provides` (
  `storelmao_id` int(11) NOT NULL,
  `categorylmao_id` int(11) NOT NULL
) ENGINE=InnoDB DEFAULT CHARSET=utf8mb4;

--
-- Dumping data for table `provides`
--

INSERT INTO `provides` (`storelmao_id`, `categorylmao_id`) VALUES
(1, 1),
(1, 2),
(1, 3),
(1, 4),
(1, 5),
(1, 6),
(2, 1),
(2, 2),
(2, 3),
(2, 4),
(2, 5),
(2, 6),
(3, 1),
(3, 2),
(3, 3),
(3, 4),
(3, 5),
(3, 6),
(4, 1),
(4, 2),
(4, 3),
(4, 4),
(4, 5),
(4, 6),
(5, 1),
(5, 2),
(5, 3),
(5, 4),
(5, 5),
(5, 6),
(6, 1),
(6, 2),
(6, 3),
(6, 4),
(6, 5),
(6, 6),
(7, 1),
(7, 2),
(7, 3),
(7, 4),
(7, 5),
(7, 6),
(8, 1),
(8, 2),
(8, 3),
(8, 4),
(8, 5),
(8, 6),
(9, 1),
(9, 2),
(9, 3),
(9, 4),
(9, 5),
(9, 6),
(10, 1),
(10, 2),
(10, 3),
(10, 4),
(10, 5),
(10, 6);

-- --------------------------------------------------------

--
-- Table structure for table `store`
--

CREATE TABLE `store` (
  `store_id` int(11) NOT NULL,
  `working_hours` varchar(12) NOT NULL,
  `square_meters` int(10) NOT NULL,
  `city` varchar(50) NOT NULL,
  `address` varchar(55) NOT NULL,
  `postal_code` int(20) NOT NULL
) ENGINE=InnoDB DEFAULT CHARSET=utf8mb4;

--
-- Dumping data for table `store`
--

INSERT INTO `store` (`store_id`, `working_hours`, `square_meters`, `city`, `address`, `postal_code`) VALUES
(1, '07:00-20:00', 500, 'Alimos', 'Aristofanous 19', 17455),
(2, '07:00-20:00', 500, 'Alimos', 'Aristofanous 19', 17455),
(3, '07:00-20:00', 550, 'Volos', 'Aristotelous 19', 17454),
(4, '07:00-20:00', 700, 'Larisa', 'Aristogenous 19', 17433),
(5, '07:00-20:00', 600, 'Komotini', 'Diogenous 19', 17453),
(6, '07:00-20:00', 500, 'Silvercity', 'Ethnarxou 19', 17452),
(7, '07:00-20:00', 550, 'Gerakas', 'Ionos 19', 17225),
(8, '07:00-20:00', 600, 'Kriti', 'Vasilikis 19', 17235),
(9, '07:00-20:00', 500, 'Ioannina', 'Panepistimiou 19', 17245),
(10, '07:00-20:00', 500, 'Patra', 'Syntagmatos 19', 17875);

-- --------------------------------------------------------

--
-- Table structure for table `store_phone`
--

CREATE TABLE `store_phone` (
  `phone` decimal(10,0) NOT NULL,
  `storee_id` int(11) NOT NULL
) ENGINE=InnoDB DEFAULT CHARSET=utf8mb4;

-- --------------------------------------------------------

--
-- Table structure for table `transaction`
--

CREATE TABLE `transaction` (
  `date_time` timestamp NOT NULL DEFAULT current_timestamp() ON UPDATE current_timestamp(),
  `cust_id` int(11) NOT NULL,
  `payment_method` varchar(50) NOT NULL,
  `total_amount` int(4) NOT NULL,
  `total_pieces` int(4) NOT NULL,
  `str_id` int(11) NOT NULL
) ENGINE=InnoDB DEFAULT CHARSET=utf8mb4;

--
-- Dumping data for table `transaction`
--

INSERT INTO `transaction` (`date_time`, `cust_id`, `payment_method`, `total_amount`, `total_pieces`, `str_id`) VALUES
('2020-06-02 16:02:00', 78, 'cash', 114, 6, 8),
('2020-06-02 16:02:01', 95, 'cash', 9, 1, 5),
('2020-06-02 16:02:02', 8, 'cash', 13, 4, 8),
('2020-06-02 16:02:03', 52, 'credit card', 8, 1, 2),
('2020-06-02 16:02:04', 46, 'credit card', 139, 5, 6),
('2020-06-02 16:02:05', 27, 'credit card', 7, 2, 7),
('2020-06-02 16:02:06', 82, 'cash', 14, 2, 2),
('2020-06-02 16:02:07', 19, 'cash', 124, 3, 9),
('2020-06-02 16:02:08', 57, 'credit card', 63, 4, 7),
('2020-06-02 16:02:10', 89, 'credit card', 21, 3, 9),
('2020-06-02 16:02:12', 69, 'cash', 8, 2, 9),
('2020-06-02 16:02:13', 8, 'credit card', 7, 1, 8),
('2020-06-02 16:02:14', 75, 'cash', 133, 4, 5),
('2020-06-02 16:02:15', 6, 'cash', 44, 2, 6),
('2020-06-02 16:02:16', 100, 'cash', 98, 6, 10),
('2020-06-02 16:02:17', 58, 'credit card', 203, 6, 8),
('2020-06-02 16:02:18', 20, 'credit card', 40, 5, 10),
('2020-06-02 16:02:21', 59, 'credit card', 194, 5, 9),
('2020-06-02 16:02:22', 97, 'credit card', 2, 1, 7),
('2020-06-02 16:02:23', 23, 'credit card', 5, 1, 3),
('2020-06-02 16:02:24', 48, 'credit card', 39, 5, 8),
('2020-06-02 16:02:25', 79, 'credit card', 64, 8, 9),
('2020-06-02 16:02:27', 89, 'credit card', 24, 3, 9),
('2020-06-02 16:02:28', 37, 'credit card', 28, 2, 7),
('2020-06-02 16:02:31', 49, 'credit card', 53, 3, 9),
('2020-06-02 16:02:32', 9, 'credit card', 137, 6, 9),
('2020-06-02 16:02:33', 33, 'cash', 34, 3, 3),
('2020-06-02 16:02:34', 22, 'cash', 57, 4, 2),
('2020-06-02 16:02:35', 88, 'cash', 59, 3, 8),
('2020-06-02 16:02:36', 9, 'cash', 2, 1, 9),
('2020-06-02 16:02:37', 71, 'credit card', 40, 6, 1),
('2020-06-02 16:02:38', 40, 'cash', 6, 1, 10),
('2020-06-02 16:02:40', 30, 'cash', 52, 5, 10),
('2020-06-02 16:02:41', 86, 'credit card', 109, 7, 6),
('2020-06-02 16:02:42', 13, 'cash', 7, 1, 3),
('2020-06-02 16:02:43', 64, 'cash', 13, 2, 4),
('2020-06-02 16:02:44', 94, 'credit card', 52, 4, 4),
('2020-06-02 16:02:45', 42, 'cash', 81, 6, 2),
('2020-06-02 16:02:46', 54, 'cash', 27, 4, 4),
('2020-06-02 16:02:47', 26, 'credit card', 95, 5, 6),
('2020-06-02 16:02:50', 84, 'cash', 25, 2, 4),
('2020-06-02 16:02:51', 88, 'credit card', 54, 1, 8),
('2020-06-02 16:02:52', 78, 'cash', 108, 2, 8),
('2020-06-02 16:02:53', 91, 'cash', 8, 1, 1),
('2020-06-02 16:02:54', 28, 'credit card', 11, 1, 8),
('2020-06-02 16:02:56', 35, 'cash', 3, 1, 5),
('2020-06-02 16:02:57', 92, 'credit card', 30, 3, 2),
('2020-06-02 16:02:58', 86, 'cash', 27, 1, 6),
('2020-06-05 17:02:01', 50, 'credit card', 7, 4, 10),
('2020-06-05 17:02:02', 47, 'credit card', 21, 4, 7),
('2020-06-05 17:02:03', 20, 'cash', 6, 1, 10),
('2020-06-05 17:02:04', 34, 'credit card', 6, 3, 4),
('2020-06-05 17:02:05', 94, 'cash', 7, 1, 4),
('2020-06-05 17:02:06', 29, 'cash', 109, 5, 9),
('2020-06-05 17:02:07', 47, 'credit card', 14, 2, 7),
('2020-06-05 17:02:08', 31, 'cash', 17, 8, 1),
('2020-06-05 17:02:10', 42, 'credit card', 135, 6, 2),
('2020-06-05 17:02:11', 40, 'cash', 20, 1, 10),
('2020-06-05 17:02:12', 16, 'credit card', 26, 3, 6),
('2020-06-05 17:02:13', 97, 'credit card', 37, 2, 7),
('2020-06-05 17:02:15', 94, 'cash', 133, 4, 4),
('2020-06-05 17:02:16', 81, 'cash', 6, 4, 1),
('2020-06-05 17:02:17', 36, 'credit card', 71, 6, 6),
('2020-06-05 17:02:20', 51, 'credit card', 31, 2, 1),
('2020-06-05 17:02:21', 47, 'cash', 81, 8, 7),
('2020-06-05 17:02:22', 100, 'credit card', 68, 8, 10),
('2020-06-05 17:02:24', 92, 'cash', 72, 7, 2),
('2020-06-05 17:02:25', 35, 'cash', 85, 7, 5),
('2020-06-05 17:02:27', 90, 'cash', 26, 4, 10),
('2020-06-05 17:02:30', 31, 'credit card', 30, 4, 1),
('2020-06-05 17:02:35', 67, 'cash', 88, 2, 7),
('2020-06-05 17:02:36', 10, 'credit card', 64, 5, 10),
('2020-06-05 17:02:37', 7, 'cash', 23, 8, 7),
('2020-06-05 17:02:38', 57, 'credit card', 14, 2, 7),
('2020-06-05 17:02:40', 64, 'credit card', 70, 4, 4),
('2020-06-05 17:02:41', 23, 'credit card', 5, 5, 3),
('2020-06-05 17:02:42', 56, 'cash', 36, 3, 6),
('2020-06-05 17:02:44', 24, 'cash', 22, 4, 4),
('2020-06-05 17:02:46', 32, 'cash', 88, 6, 2),
('2020-06-05 17:02:47', 39, 'credit card', 73, 8, 9),
('2020-06-05 17:02:48', 1, 'cash', 25, 3, 1),
('2020-06-05 17:02:50', 51, 'credit card', 143, 8, 1),
('2020-06-05 17:02:51', 14, 'cash', 11, 3, 4),
('2020-06-05 17:02:53', 86, 'credit card', 27, 4, 6),
('2020-06-05 17:02:54', 4, 'cash', 62, 6, 4),
('2020-06-05 17:02:55', 54, 'cash', 54, 1, 4),
('2020-06-05 17:02:56', 41, 'credit card', 119, 7, 1),
('2020-06-05 17:02:57', 11, 'cash', 97, 7, 1),
('2020-06-05 17:02:58', 59, 'credit card', 1, 1, 9),
('2020-06-08 05:02:00', 5, 'cash', 56, 2, 5),
('2020-06-08 05:02:02', 53, 'cash', 116, 7, 3),
('2020-06-08 05:02:03', 100, 'cash', 55, 6, 10),
('2020-06-08 05:02:04', 6, 'cash', 105, 7, 6),
('2020-06-08 05:02:05', 67, 'cash', 19, 1, 7),
('2020-06-08 05:02:06', 50, 'cash', 34, 8, 10),
('2020-06-08 05:02:07', 80, 'cash', 26, 3, 10),
('2020-06-08 05:02:08', 21, 'cash', 6, 1, 1),
('2020-06-08 05:02:10', 32, 'cash', 39, 2, 2),
('2020-06-08 05:02:11', 20, 'credit card', 82, 6, 10),
('2020-06-08 05:02:12', 56, 'cash', 7, 1, 6),
('2020-06-08 05:02:13', 2, 'cash', 21, 5, 2),
('2020-06-08 05:02:15', 71, 'credit card', 26, 5, 1),
('2020-06-08 05:02:16', 12, 'cash', 60, 5, 2),
('2020-06-08 05:02:18', 12, 'credit card', 83, 8, 2),
('2020-06-08 05:02:20', 4, 'cash', 77, 4, 4),
('2020-06-08 05:02:21', 52, 'cash', 307, 6, 2),
('2020-06-08 05:02:22', 73, 'cash', 25, 3, 3),
('2020-06-08 05:02:24', 3, 'credit card', 149, 6, 3),
('2020-06-08 05:02:25', 62, 'credit card', 161, 3, 2),
('2020-06-08 05:02:26', 81, 'credit card', 65, 4, 1),
('2020-06-08 05:02:27', 1, 'credit card', 68, 6, 1),
('2020-06-08 05:02:30', 44, 'credit card', 36, 4, 4),
('2020-06-08 05:02:33', 48, 'credit card', 36, 7, 8),
('2020-06-08 05:02:34', 54, 'credit card', 390, 8, 4),
('2020-06-08 05:02:35', 91, 'credit card', 14, 2, 1),
('2020-06-08 05:02:37', 39, 'cash', 4, 1, 9),
('2020-06-08 05:02:40', 80, 'credit card', 58, 4, 10),
('2020-06-08 05:02:41', 26, 'credit card', 132, 3, 6),
('2020-06-08 05:02:42', 15, 'cash', 113, 7, 5),
('2020-06-08 05:02:43', 83, 'credit card', 8, 1, 3),
('2020-06-08 05:02:46', 44, 'credit card', 66, 3, 4),
('2020-06-08 05:02:47', 78, 'cash', 172, 5, 8),
('2020-06-08 05:02:48', 97, 'credit card', 61, 5, 7),
('2020-06-08 05:02:50', 65, 'credit card', 107, 8, 5),
('2020-06-08 05:02:52', 77, 'credit card', 28, 3, 7),
('2020-06-08 05:02:54', 95, 'credit card', 37, 2, 5),
('2020-06-08 05:02:56', 67, 'cash', 183, 8, 7),
('2020-06-08 05:02:57', 70, 'credit card', 39, 2, 10),
('2020-06-08 13:02:00', 55, 'cash', 52, 7, 5),
('2020-06-08 13:02:02', 33, 'credit card', 39, 6, 3),
('2020-06-08 13:02:03', 49, 'cash', 68, 8, 9),
('2020-06-08 13:02:04', 63, 'credit card', 112, 5, 3),
('2020-06-08 13:02:05', 83, 'cash', 26, 3, 3),
('2020-06-08 13:02:06', 68, 'cash', 4, 1, 8),
('2020-06-08 13:02:07', 1, 'cash', 98, 8, 1),
('2020-06-08 13:02:08', 84, 'cash', 6, 1, 4),
('2020-06-08 13:02:10', 54, 'credit card', 110, 3, 4),
('2020-06-08 13:02:12', 1, 'credit card', 23, 3, 1),
('2020-06-08 13:02:13', 2, 'credit card', 98, 2, 2),
('2020-06-08 13:02:14', 27, 'credit card', 113, 5, 7),
('2020-06-08 13:02:15', 86, 'credit card', 150, 8, 6),
('2020-06-08 13:02:17', 62, 'cash', 2, 1, 2),
('2020-06-08 13:02:18', 9, 'cash', 19, 3, 9),
('2020-06-08 13:02:20', 81, 'cash', 143, 4, 1),
('2020-06-08 13:02:21', 7, 'cash', 118, 6, 7),
('2020-06-08 13:02:22', 88, 'credit card', 133, 6, 8),
('2020-06-08 13:02:25', 27, 'cash', 125, 5, 7),
('2020-06-08 13:02:26', 34, 'credit card', 95, 6, 4),
('2020-06-08 13:02:27', 62, 'credit card', 63, 5, 2),
('2020-06-08 13:02:28', 60, 'cash', 22, 3, 10),
('2020-06-08 13:02:31', 21, 'credit card', 11, 3, 1),
('2020-06-08 13:02:32', 3, 'cash', 30, 3, 3),
('2020-06-08 13:02:33', 18, 'credit card', 125, 8, 8),
('2020-06-08 13:02:34', 28, 'credit card', 19, 1, 8),
('2020-06-08 13:02:35', 67, 'cash', 90, 5, 7),
('2020-06-08 13:02:37', 61, 'credit card', 236, 8, 1),
('2020-06-08 13:02:38', 99, 'cash', 92, 7, 9),
('2020-06-11 07:02:01', 84, 'cash', 27, 1, 4),
('2020-06-11 07:02:10', 55, 'credit card', 11, 3, 5),
('2020-06-11 07:02:20', 77, 'cash', 8, 2, 7),
('2020-06-11 07:02:21', 14, 'credit card', 102, 4, 4),
('2020-06-11 07:02:22', 98, 'credit card', 132, 7, 8),
('2020-06-11 07:02:30', 36, 'credit card', 24, 7, 6),
('2020-06-11 07:02:32', 80, 'cash', 35, 5, 10),
('2020-06-11 07:02:40', 48, 'credit card', 12, 3, 8),
('2020-06-11 07:02:41', 64, 'credit card', 4, 3, 4),
('2020-06-11 07:02:42', 61, 'cash', 158, 5, 1),
('2020-06-11 07:02:50', 58, 'cash', 91, 8, 8),
('2020-06-11 07:02:51', 17, 'credit card', 35, 4, 7),
('2020-06-11 07:02:52', 99, 'credit card', 81, 4, 9),
('2020-06-11 12:02:00', 21, 'credit card', 17, 3, 1),
('2020-06-11 12:02:02', 14, 'cash', 3, 2, 4),
('2020-06-11 12:02:11', 5, 'cash', 65, 5, 5),
('2020-06-11 12:02:12', 36, 'credit card', 27, 8, 6),
('2020-06-11 12:02:13', 2, 'credit card', 93, 8, 2),
('2020-06-11 12:02:20', 41, 'credit card', 40, 8, 1),
('2020-06-11 12:02:21', 76, 'credit card', 60, 2, 6),
('2020-06-11 12:02:22', 98, 'cash', 2, 1, 8),
('2020-06-11 12:02:33', 18, 'credit card', 12, 2, 8),
('2020-06-11 12:02:40', 78, 'credit card', 34, 5, 8),
('2020-06-11 12:02:41', 79, 'cash', 65, 7, 9),
('2020-06-11 12:02:42', 12, 'cash', 77, 4, 2),
('2020-06-11 12:02:43', 81, 'cash', 104, 3, 1),
('2020-06-11 12:02:50', 69, 'credit card', 163, 8, 9),
('2020-06-11 12:02:51', 76, 'credit card', 22, 2, 6),
('2020-06-11 12:02:53', 13, 'credit card', 27, 3, 3),
('2020-06-11 14:02:00', 70, 'cash', 37, 2, 10),
('2020-06-11 14:02:01', 95, 'cash', 7, 1, 5),
('2020-06-11 14:02:11', 68, 'credit card', 148, 6, 8),
('2020-06-11 14:02:20', 38, 'cash', 149, 7, 8),
('2020-06-11 14:02:21', 24, 'credit card', 113, 4, 4),
('2020-06-11 14:02:31', 79, 'cash', 43, 8, 9),
('2020-06-11 14:02:40', 16, 'credit card', 36, 5, 6),
('2020-06-11 14:02:50', 27, 'credit card', 42, 3, 7),
('2020-06-11 14:02:51', 45, 'credit card', 17, 4, 5),
('2020-06-14 06:02:01', 93, 'cash', 157, 8, 3),
('2020-06-14 06:02:05', 46, 'credit card', 3, 2, 6),
('2020-06-14 06:02:08', 57, 'credit card', 112, 8, 7),
('2020-06-14 06:02:10', 49, 'credit card', 71, 2, 9),
('2020-06-14 06:02:11', 65, 'cash', 2, 1, 5),
('2020-06-14 06:02:12', 77, 'cash', 67, 6, 7),
('2020-06-14 06:02:13', 13, 'cash', 39, 1, 3),
('2020-06-14 06:02:14', 69, 'cash', 52, 4, 9),
('2020-06-14 06:02:17', 59, 'credit card', 121, 8, 9),
('2020-06-14 06:02:18', 20, 'cash', 62, 5, 10),
('2020-06-18 10:02:00', 96, 'credit card', 19, 1, 6),
('2020-06-18 10:02:03', 28, 'credit card', 84, 7, 8),
('2020-06-18 10:02:04', 62, 'cash', 82, 4, 2),
('2020-06-18 10:02:05', 58, 'credit card', 178, 7, 8),
('2020-06-18 10:02:10', 77, 'credit card', 59, 6, 7),
('2020-06-18 10:02:11', 73, 'credit card', 5, 1, 3),
('2020-06-18 10:02:14', 74, 'cash', 55, 5, 4),
('2020-06-18 10:02:15', 85, 'cash', 50, 6, 5),
('2020-06-18 10:02:16', 4, 'credit card', 5, 1, 4),
('2020-06-18 10:02:20', 60, 'cash', 47, 4, 10),
('2020-06-18 10:02:22', 15, 'cash', 16, 6, 5),
('2020-06-18 10:02:23', 83, 'credit card', 28, 1, 3),
('2020-06-18 10:02:24', 32, 'credit card', 28, 1, 2),
('2020-06-18 10:02:25', 51, 'credit card', 43, 5, 1),
('2020-06-18 10:02:26', 49, 'credit card', 57, 4, 9),
('2020-06-18 10:02:30', 41, 'cash', 67, 5, 1),
('2020-06-18 10:02:31', 43, 'credit card', 11, 3, 3),
('2020-06-18 10:02:32', 74, 'cash', 39, 2, 4),
('2020-06-18 10:02:33', 7, 'cash', 79, 4, 7),
('2020-06-18 10:02:34', 31, 'credit card', 16, 8, 1),
('2020-06-18 10:02:35', 25, 'cash', 129, 7, 5),
('2020-06-18 10:02:36', 43, 'cash', 161, 7, 3),
('2020-06-18 10:02:40', 3, 'credit card', 4, 1, 3),
('2020-06-18 10:02:41', 5, 'cash', 2, 1, 5),
('2020-06-18 10:02:43', 29, 'credit card', 169, 8, 9),
('2020-06-18 10:02:44', 6, 'cash', 48, 3, 6),
('2020-06-18 10:02:46', 59, 'credit card', 85, 4, 9),
('2020-06-18 10:02:50', 5, 'cash', 59, 4, 5),
('2020-06-18 10:02:51', 79, 'cash', 17, 2, 9),
('2020-06-18 10:02:52', 4, 'cash', 53, 8, 4),
('2020-06-18 10:02:53', 23, 'cash', 14, 4, 3),
('2020-06-18 10:02:54', 46, 'cash', 40, 4, 6),
('2020-06-18 10:02:55', 69, 'credit card', 62, 6, 9),
('2020-06-18 10:02:56', 76, 'credit card', 9, 1, 6),
('2020-06-25 09:02:00', 33, 'cash', 67, 4, 3),
('2020-06-25 09:02:01', 76, 'credit card', 168, 8, 6),
('2020-06-25 09:02:02', 38, 'cash', 111, 8, 8),
('2020-06-25 09:02:03', 98, 'credit card', 32, 5, 8),
('2020-06-25 09:02:04', 9, 'cash', 29, 5, 9),
('2020-06-25 09:02:05', 94, 'cash', 45, 1, 4),
('2020-06-25 09:02:06', 61, 'credit card', 152, 6, 1),
('2020-06-25 09:02:07', 88, 'credit card', 14, 2, 8),
('2020-06-25 09:02:08', 82, 'cash', 18, 2, 2),
('2020-06-25 09:02:11', 22, 'credit card', 62, 3, 2),
('2020-06-25 09:02:14', 65, 'credit card', 145, 3, 5),
('2020-06-25 09:02:15', 22, 'credit card', 22, 3, 2),
('2020-06-25 09:02:16', 66, 'cash', 8, 1, 6),
('2020-06-25 09:02:17', 57, 'credit card', 26, 2, 7),
('2020-06-25 09:02:18', 56, 'credit card', 1, 1, 6),
('2020-06-25 09:02:20', 33, 'cash', 91, 7, 3),
('2020-06-25 09:02:21', 65, 'cash', 25, 6, 5),
('2020-06-25 09:02:22', 61, 'cash', 6, 1, 1),
('2020-06-25 09:02:23', 80, 'credit card', 76, 4, 10),
('2020-06-25 09:02:24', 32, 'credit card', 10, 4, 2),
('2020-06-25 09:02:25', 68, 'cash', 7, 1, 8),
('2020-06-25 09:02:26', 21, 'credit card', 64, 3, 1),
('2020-06-25 09:02:27', 8, 'credit card', 44, 6, 8),
('2020-06-25 09:02:28', 22, 'cash', 48, 4, 2),
('2020-06-25 09:02:30', 12, 'cash', 98, 2, 2),
('2020-06-25 09:02:32', 87, 'credit card', 101, 6, 7),
('2020-06-25 09:02:34', 6, 'cash', 70, 8, 6),
('2020-06-25 09:02:35', 66, 'credit card', 24, 7, 6),
('2020-06-25 09:02:36', 72, 'credit card', 33, 7, 2),
('2020-06-25 09:02:37', 45, 'cash', 13, 2, 5),
('2020-06-25 09:02:40', 15, 'credit card', 53, 6, 5),
('2020-06-25 09:02:41', 53, 'credit card', 84, 8, 3),
('2020-06-25 09:02:42', 60, 'credit card', 86, 3, 10),
('2020-06-25 09:02:43', 82, 'credit card', 92, 6, 2),
('2020-06-25 09:02:46', 16, 'cash', 59, 8, 6),
('2020-06-25 09:02:48', 53, 'credit card', 23, 2, 3),
('2020-06-25 09:02:50', 31, 'cash', 11, 3, 1),
('2020-06-25 09:02:51', 66, 'cash', 384, 8, 6),
('2020-06-25 09:02:52', 58, 'credit card', 67, 6, 8),
('2020-06-25 09:02:53', 29, 'credit card', 88, 4, 9),
('2020-06-25 09:02:54', 26, 'credit card', 66, 4, 6),
('2020-06-25 09:02:55', 52, 'credit card', 12, 7, 2),
('2020-06-25 09:02:56', 71, 'credit card', 24, 3, 1),
('2020-06-25 09:02:58', 90, 'cash', 36, 7, 10),
('2020-06-28 15:02:00', 51, 'credit card', 101, 5, 1),
('2020-06-28 15:02:01', 18, 'credit card', 54, 6, 8),
('2020-06-28 15:02:02', 75, 'cash', 114, 8, 5),
('2020-06-28 15:02:03', 8, 'cash', 3, 1, 8),
('2020-06-28 15:02:04', 42, 'credit card', 39, 2, 2),
('2020-06-28 15:02:06', 50, 'credit card', 143, 7, 10),
('2020-06-28 15:02:11', 11, 'cash', 81, 7, 1),
('2020-06-28 15:02:12', 29, 'cash', 106, 4, 9),
('2020-06-28 15:02:13', 37, 'credit card', 33, 7, 7),
('2020-06-28 15:02:14', 19, 'cash', 40, 7, 9),
('2020-06-28 15:02:16', 30, 'credit card', 5, 2, 10),
('2020-06-28 15:02:20', 45, 'cash', 60, 3, 5),
('2020-06-28 15:02:21', 43, 'cash', 8, 1, 3),
('2020-06-28 15:02:22', 17, 'cash', 14, 4, 7),
('2020-06-28 15:02:23', 36, 'cash', 19, 3, 6),
('2020-06-28 15:02:24', 93, 'credit card', 29, 3, 3),
('2020-06-28 15:02:25', 99, 'credit card', 22, 8, 9),
('2020-06-28 15:02:31', 17, 'credit card', 84, 8, 7),
('2020-06-28 15:02:32', 93, 'credit card', 54, 6, 3),
('2020-06-28 15:02:33', 87, 'credit card', 5, 1, 7),
('2020-06-28 15:02:34', 44, 'credit card', 63, 6, 4),
('2020-06-28 15:02:35', 90, 'cash', 107, 6, 10),
('2020-07-03 11:02:00', 96, 'cash', 141, 7, 6),
('2020-07-03 11:02:01', 63, 'credit card', 70, 8, 3),
('2020-07-03 11:02:02', 68, 'credit card', 48, 6, 8),
('2020-07-03 11:02:03', 13, 'cash', 29, 4, 3),
('2020-07-03 11:02:04', 55, 'credit card', 63, 8, 5),
('2020-07-03 11:02:05', 96, 'cash', 50, 6, 6),
('2020-07-03 11:02:10', 39, 'credit card', 201, 8, 9),
('2020-07-03 11:02:11', 53, 'credit card', 94, 7, 3),
('2020-07-03 11:02:12', 44, 'cash', 8, 1, 4),
('2020-07-03 11:02:13', 83, 'cash', 111, 4, 3),
('2020-07-03 11:02:15', 35, 'credit card', 108, 8, 5),
('2020-07-03 11:02:21', 28, 'cash', 128, 7, 8),
('2020-07-03 11:02:23', 100, 'cash', 49, 1, 10),
('2020-07-03 11:02:25', 39, 'cash', 48, 8, 9),
('2020-07-03 11:02:30', 19, 'credit card', 32, 3, 9),
('2020-07-03 11:02:33', 73, 'cash', 115, 8, 3),
('2020-07-03 11:02:34', 11, 'cash', 176, 6, 1),
('2020-07-03 11:02:35', 45, 'cash', 57, 6, 5),
('2020-07-03 11:02:40', 92, 'credit card', 6, 1, 2),
('2020-07-03 11:02:41', 30, 'cash', 44, 7, 10),
('2020-07-03 11:02:42', 11, 'credit card', 16, 4, 1),
('2020-07-03 11:02:43', 52, 'credit card', 82, 3, 2),
('2020-07-03 11:02:44', 89, 'credit card', 37, 5, 9),
('2020-07-03 11:02:45', 84, 'cash', 11, 8, 4),
('2020-07-04 08:02:00', 50, 'credit card', 73, 5, 10),
('2020-07-04 08:02:01', 91, 'credit card', 20, 3, 1),
('2020-07-04 08:02:02', 85, 'cash', 16, 7, 5),
('2020-07-04 08:02:03', 46, 'credit card', 194, 5, 6),
('2020-07-04 08:02:04', 74, 'credit card', 63, 7, 4),
('2020-07-04 08:02:06', 97, 'credit card', 65, 6, 7),
('2020-07-04 08:02:07', 19, 'cash', 10, 3, 9),
('2020-07-04 08:02:08', 73, 'cash', 26, 6, 3),
('2020-07-04 08:02:10', 70, 'credit card', 47, 2, 10),
('2020-07-04 08:02:11', 41, 'credit card', 16, 2, 1),
('2020-07-04 08:02:12', 75, 'credit card', 83, 7, 5),
('2020-07-04 08:02:13', 10, 'cash', 47, 5, 10),
('2020-07-04 08:02:14', 16, 'cash', 5, 3, 6),
('2020-07-04 08:02:15', 85, 'credit card', 11, 6, 5),
('2020-07-04 08:02:16', 3, 'cash', 58, 5, 3),
('2020-07-04 08:02:17', 24, 'cash', 54, 5, 4),
('2020-07-04 08:02:20', 40, 'credit card', 79, 5, 10),
('2020-07-04 08:02:21', 23, 'credit card', 128, 8, 3),
('2020-07-04 08:02:22', 48, 'cash', 65, 5, 8),
('2020-07-04 08:02:23', 75, 'cash', 61, 3, 5),
('2020-07-04 08:02:24', 2, 'cash', 66, 7, 2),
('2020-07-04 08:02:25', 71, 'credit card', 8, 1, 1),
('2020-07-04 08:02:28', 47, 'cash', 52, 8, 7),
('2020-07-04 08:02:30', 30, 'credit card', 8, 1, 10),
('2020-07-04 08:02:31', 25, 'credit card', 153, 7, 5),
('2020-07-04 08:02:32', 95, 'cash', 168, 8, 5),
('2020-07-04 08:02:33', 82, 'cash', 25, 4, 2),
('2020-07-04 08:02:35', 74, 'credit card', 20, 1, 4),
('2020-07-04 08:02:36', 34, 'credit card', 34, 3, 4),
('2020-07-04 08:02:37', 92, 'cash', 123, 4, 2),
('2020-07-04 08:02:38', 89, 'credit card', 38, 4, 9),
('2020-07-04 08:02:40', 7, 'credit card', 88, 6, 7),
('2020-07-04 08:02:41', 42, 'credit card', 33, 5, 2),
('2020-07-04 08:02:43', 37, 'credit card', 17, 1, 7),
('2020-07-04 08:02:44', 96, 'cash', 5, 1, 6),
('2020-07-04 08:02:47', 26, 'credit card', 26, 6, 6),
('2020-07-04 08:02:50', 18, 'cash', 164, 6, 8),
('2020-07-04 08:02:51', 87, 'cash', 133, 8, 7),
('2020-07-04 08:02:53', 64, 'credit card', 21, 5, 4),
('2020-07-04 08:02:54', 37, 'credit card', 15, 4, 7),
('2020-07-04 08:02:55', 25, 'credit card', 5, 3, 5),
('2020-07-04 08:02:56', 63, 'credit card', 36, 5, 3),
('2020-07-04 08:02:57', 72, 'cash', 56, 3, 2),
('2020-07-04 08:02:58', 72, 'cash', 97, 5, 2),
('2020-07-08 14:02:00', 70, 'credit card', 24, 4, 10),
('2020-07-08 14:02:01', 66, 'cash', 15, 2, 6),
('2020-07-08 14:02:03', 91, 'cash', 110, 8, 1),
('2020-07-08 14:02:04', 34, 'credit card', 114, 7, 4),
('2020-07-08 14:02:07', 43, 'cash', 78, 8, 3),
('2020-07-08 14:02:08', 10, 'cash', 60, 3, 10),
('2020-07-08 14:02:10', 38, 'credit card', 103, 6, 8),
('2020-07-08 14:02:12', 35, 'credit card', 28, 5, 5),
('2020-07-08 14:02:15', 98, 'cash', 105, 8, 8),
('2020-07-08 14:02:18', 25, 'credit card', 13, 5, 5),
('2020-07-08 14:02:20', 40, 'credit card', 221, 5, 10),
('2020-07-08 14:02:21', 60, 'credit card', 81, 8, 10),
('2020-07-08 14:02:23', 56, 'credit card', 29, 2, 6),
('2020-07-08 14:02:24', 90, 'cash', 33, 8, 10),
('2020-07-08 14:02:26', 38, 'credit card', 58, 5, 8),
('2020-07-08 14:02:28', 14, 'cash', 60, 8, 4),
('2020-07-08 14:02:32', 85, 'credit card', 44, 2, 5),
('2020-07-08 14:02:33', 63, 'cash', 58, 7, 3),
('2020-07-08 14:02:34', 24, 'cash', 6, 1, 4),
('2020-07-08 14:02:36', 72, 'cash', 22, 5, 2),
('2020-07-08 14:02:37', 10, 'cash', 117, 6, 10),
('2020-07-08 14:02:38', 99, 'cash', 54, 5, 9),
('2020-07-08 14:02:40', 93, 'credit card', 1, 1, 3),
('2020-07-08 14:02:41', 15, 'credit card', 143, 8, 5),
('2020-07-08 14:02:46', 17, 'cash', 3, 1, 7),
('2020-07-08 14:02:47', 87, 'credit card', 4, 2, 7),
('2020-07-08 14:02:48', 55, 'credit card', 8, 6, 5);

-- --------------------------------------------------------

--
-- Structure for view `category_sales`
--
DROP TABLE IF EXISTS `category_sales`;

CREATE ALGORITHM=UNDEFINED DEFINER=`root`@`localhost` SQL SECURITY DEFINER VIEW `category_sales`  AS  select distinct `transaction`.`str_id` AS `str_id`,`k`.`catid` AS `catid`,count(0) AS `sales` from (`transaction` join (select `contains`.`d_time` AS `day`,`contains`.`cust_id` AS `custid`,`product`.`category_id` AS `catid` from (`contains` join `product`) where `product`.`product_id` = `contains`.`p_id`) `k`) where `k`.`day` = `transaction`.`date_time` and `k`.`custid` = `transaction`.`cust_id` group by `transaction`.`str_id`,`k`.`catid` ;

-- --------------------------------------------------------

--
-- Structure for view `custs`
--
DROP TABLE IF EXISTS `custs`;

CREATE ALGORITHM=UNDEFINED DEFINER=`root`@`localhost` SQL SECURITY DEFINER VIEW `custs`  AS  select `customer`.`card_id` AS `card_id`,`customer`.`full_name` AS `full_name`,`customer`.`birth_date` AS `birth_date`,`customer`.`age` AS `age`,`customer`.`family_status` AS `family_status`,`customer`.`pet` AS `pet`,`customer`.`gender` AS `gender`,`customer`.`email` AS `email`,`customer`.`card_points` AS `card_points`,`customer`.`address` AS `address`,`customer`.`city` AS `city`,`customer`.`postal_code` AS `postal_code`,`customer`.`phone` AS `phone` from `customer` order by `customer`.`card_id` desc ;

--
-- Indexes for dumped tables
--

--
-- Indexes for table `category`
--
ALTER TABLE `category`
  ADD PRIMARY KEY (`category_id`);

--
-- Indexes for table `contains`
--
ALTER TABLE `contains`
  ADD PRIMARY KEY (`p_id`,`cust_id`,`d_time`),
  ADD KEY `cust_id` (`cust_id`),
  ADD KEY `d_time` (`d_time`);

--
-- Indexes for table `customer`
--
ALTER TABLE `customer`
  ADD PRIMARY KEY (`card_id`),
  ADD KEY `Customer_full_name_idx` (`card_id`);

--
-- Indexes for table `offers`
--
ALTER TABLE `offers`
  ADD PRIMARY KEY (`bcode`,`s_id`),
  ADD KEY `s_id` (`s_id`);

--
-- Indexes for table `old_price`
--
ALTER TABLE `old_price`
  ADD PRIMARY KEY (`prodd_id`,`start_date`);

--
-- Indexes for table `product`
--
ALTER TABLE `product`
  ADD PRIMARY KEY (`product_id`),
  ADD KEY `product_label_idx` (`brand_name`),
  ADD KEY `category_id` (`category_id`);

--
-- Indexes for table `provides`
--
ALTER TABLE `provides`
  ADD PRIMARY KEY (`storelmao_id`,`categorylmao_id`),
  ADD KEY `categorylmao_id` (`categorylmao_id`);

--
-- Indexes for table `store`
--
ALTER TABLE `store`
  ADD PRIMARY KEY (`store_id`);

--
-- Indexes for table `store_phone`
--
ALTER TABLE `store_phone`
  ADD PRIMARY KEY (`phone`,`storee_id`),
  ADD KEY `store_phone_ibfk_1` (`storee_id`);

--
-- Indexes for table `transaction`
--
ALTER TABLE `transaction`
  ADD PRIMARY KEY (`date_time`,`cust_id`),
  ADD KEY `transaction_ibfk_1` (`cust_id`),
  ADD KEY `transaction_ibfk_2` (`str_id`);

--
-- AUTO_INCREMENT for dumped tables
--

--
-- AUTO_INCREMENT for table `category`
--
ALTER TABLE `category`
  MODIFY `category_id` int(11) NOT NULL AUTO_INCREMENT, AUTO_INCREMENT=7;

--
-- AUTO_INCREMENT for table `customer`
--
ALTER TABLE `customer`
  MODIFY `card_id` int(11) NOT NULL AUTO_INCREMENT, AUTO_INCREMENT=101;

--
-- AUTO_INCREMENT for table `product`
--
ALTER TABLE `product`
  MODIFY `product_id` int(11) NOT NULL AUTO_INCREMENT, AUTO_INCREMENT=90;

--
-- AUTO_INCREMENT for table `store`
--
ALTER TABLE `store`
  MODIFY `store_id` int(11) NOT NULL AUTO_INCREMENT, AUTO_INCREMENT=11;

--
-- Constraints for dumped tables
--

--
-- Constraints for table `contains`
--
ALTER TABLE `contains`
  ADD CONSTRAINT `contains_ibfk_1` FOREIGN KEY (`p_id`) REFERENCES `product` (`product_id`) ON DELETE CASCADE ON UPDATE CASCADE,
  ADD CONSTRAINT `contains_ibfk_2` FOREIGN KEY (`cust_id`) REFERENCES `customer` (`card_id`) ON DELETE CASCADE ON UPDATE CASCADE,
  ADD CONSTRAINT `contains_ibfk_3` FOREIGN KEY (`d_time`) REFERENCES `transaction` (`date_time`) ON DELETE CASCADE ON UPDATE CASCADE;

--
-- Constraints for table `offers`
--
ALTER TABLE `offers`
  ADD CONSTRAINT `offers_ibfk_1` FOREIGN KEY (`bcode`) REFERENCES `product` (`product_id`) ON DELETE CASCADE ON UPDATE CASCADE,
  ADD CONSTRAINT `offers_ibfk_2` FOREIGN KEY (`s_id`) REFERENCES `store` (`store_id`) ON DELETE CASCADE ON UPDATE CASCADE;

--
-- Constraints for table `old_price`
--
ALTER TABLE `old_price`
  ADD CONSTRAINT `old_price_ibfk_1` FOREIGN KEY (`prodd_id`) REFERENCES `product` (`product_id`) ON DELETE CASCADE ON UPDATE CASCADE;

--
-- Constraints for table `product`
--
ALTER TABLE `product`
  ADD CONSTRAINT `product_ibfk_1` FOREIGN KEY (`category_id`) REFERENCES `category` (`category_id`) ON DELETE CASCADE ON UPDATE CASCADE;

--
-- Constraints for table `provides`
--
ALTER TABLE `provides`
  ADD CONSTRAINT `provides_ibfk_1` FOREIGN KEY (`storelmao_id`) REFERENCES `store` (`store_id`) ON DELETE CASCADE ON UPDATE CASCADE,
  ADD CONSTRAINT `provides_ibfk_2` FOREIGN KEY (`categorylmao_id`) REFERENCES `category` (`category_id`) ON DELETE CASCADE ON UPDATE CASCADE;

--
-- Constraints for table `store_phone`
--
ALTER TABLE `store_phone`
  ADD CONSTRAINT `store_phone_ibfk_1` FOREIGN KEY (`storee_id`) REFERENCES `store` (`store_id`) ON DELETE CASCADE ON UPDATE CASCADE;

--
-- Constraints for table `transaction`
--
ALTER TABLE `transaction`
  ADD CONSTRAINT `transaction_ibfk_1` FOREIGN KEY (`cust_id`) REFERENCES `customer` (`card_id`) ON DELETE CASCADE ON UPDATE CASCADE,
  ADD CONSTRAINT `transaction_ibfk_2` FOREIGN KEY (`str_id`) REFERENCES `store` (`store_id`) ON DELETE CASCADE ON UPDATE CASCADE;
COMMIT;

/*!40101 SET CHARACTER_SET_CLIENT=@OLD_CHARACTER_SET_CLIENT */;
/*!40101 SET CHARACTER_SET_RESULTS=@OLD_CHARACTER_SET_RESULTS */;
/*!40101 SET COLLATION_CONNECTION=@OLD_COLLATION_CONNECTION */;
